{
	"simulation_eval": {
		"stop_level": 7, 
		"start_level": 4, 
		"ml_constant": 4, 
		"path_cnt": 5000000, 
		"ml_start_level": 1
	}, 
	"barrier values": {
		"upper": 1e+100, 
		"lower": 1e-10
	}, 
	"heston": {
		"vol_of_vol": 8.952571746883972, 
		"time_to_maturity": 1.0, 
		"correlation": 0.640587421404458, 
		"feller-violation-factor": 3.2811075258014184, 
		"spot_price": 1, 
		"reversion_rate": 9.148358415237139, 
		"long_term_avg_vola": 1.3350637089517214, 
		"riskless_rate": 0.032953782173699854, 
		"vola_0": 0.6030801810260326, 
		"strike_price": 1.0
	}
}