{
	"simulation_eval": {
		"stop_level": 7, 
		"start_level": 4, 
		"ml_constant": 4, 
		"path_cnt": 5000000, 
		"ml_start_level": 1
	}, 
	"barrier values": {
		"upper": 1e+100, 
		"lower": 1e-10
	}, 
	"heston": {
		"vol_of_vol": 7.37450663720667, 
		"time_to_maturity": 1.0, 
		"correlation": 0.680626485567815, 
		"feller-violation-factor": 1.8710181720495571, 
		"spot_price": 1, 
		"reversion_rate": 4.7547357961405226, 
		"long_term_avg_vola": 3.0565503251646224, 
		"riskless_rate": 0.020474243824667133, 
		"vola_0": 4.556462835622678, 
		"strike_price": 1.0
	}
}