{
	"simulation_eval": {
		"stop_level": 7, 
		"start_level": 4, 
		"ml_constant": 4, 
		"path_cnt": 5000000, 
		"ml_start_level": 1
	}, 
	"barrier values": {
		"upper": 1e+100, 
		"lower": 1e-10
	}, 
	"heston": {
		"vol_of_vol": 6.645209905847944, 
		"time_to_maturity": 1.0, 
		"correlation": 0.8191078630885493, 
		"feller-violation-factor": 82.9479428693991, 
		"spot_price": 1, 
		"reversion_rate": 0.20320318227009376, 
		"long_term_avg_vola": 1.3099396478281682, 
		"riskless_rate": 0.03351696859677773, 
		"vola_0": 7.388024458141897, 
		"strike_price": 1.0
	}
}