{
	"simulation_eval": {
		"stop_level": 7, 
		"start_level": 4, 
		"ml_constant": 4, 
		"path_cnt": 5000000, 
		"ml_start_level": 1
	}, 
	"barrier values": {
		"upper": 1e+100, 
		"lower": 1e-10
	}, 
	"heston": {
		"vol_of_vol": 7.637254151681767, 
		"time_to_maturity": 1.0, 
		"correlation": -0.2720891747006118, 
		"feller-violation-factor": 0.9716400610940134, 
		"spot_price": 1, 
		"reversion_rate": 6.2373639126903955, 
		"long_term_avg_vola": 4.812137131470995, 
		"riskless_rate": 0.04380837551243502, 
		"vola_0": 0.29444085841537704, 
		"strike_price": 1.0
	}
}