{
	"simulation_eval": {
		"stop_level": 7, 
		"start_level": 4, 
		"ml_constant": 4, 
		"path_cnt": 5000000, 
		"ml_start_level": 1
	}, 
	"barrier values": {
		"upper": 1e+100, 
		"lower": 1e-10
	}, 
	"heston": {
		"vol_of_vol": 2.4333648108699384, 
		"time_to_maturity": 1.0, 
		"correlation": 0.27507787806776585, 
		"feller-violation-factor": 0.5045635777433523, 
		"spot_price": 1, 
		"reversion_rate": 4.783130204531071, 
		"long_term_avg_vola": 1.2267508015029238, 
		"riskless_rate": 0.0028593790957411216, 
		"vola_0": 4.505410536156546, 
		"strike_price": 1.0
	}
}