{
	"simulation_eval": {
		"stop_level": 7, 
		"start_level": 4, 
		"ml_constant": 4, 
		"path_cnt": 5000000, 
		"ml_start_level": 1
	}, 
	"barrier values": {
		"upper": 1e+100, 
		"lower": 1e-10
	}, 
	"heston": {
		"vol_of_vol": 2.2482523331566395, 
		"time_to_maturity": 1.0, 
		"correlation": 0.27589184145301293, 
		"feller-violation-factor": 0.2745350003014854, 
		"spot_price": 1, 
		"reversion_rate": 2.3066952876821216, 
		"long_term_avg_vola": 3.9909120880111497, 
		"riskless_rate": 0.039673692926991556, 
		"vola_0": 4.191540698473777, 
		"strike_price": 1.0
	}
}