{
	"simulation_eval": {
		"stop_level": 7, 
		"start_level": 4, 
		"ml_constant": 4, 
		"path_cnt": 5000000, 
		"ml_start_level": 1
	}, 
	"barrier values": {
		"upper": 1e+100, 
		"lower": 1e-10
	}, 
	"heston": {
		"vol_of_vol": 0.9967996564874572, 
		"time_to_maturity": 1.0, 
		"correlation": -0.058141041778585256, 
		"feller-violation-factor": 0.3992718095806428, 
		"spot_price": 1, 
		"reversion_rate": 2.6979097926362328, 
		"long_term_avg_vola": 0.46120041672957074, 
		"riskless_rate": 0.0012222305208848317, 
		"vola_0": 3.2914729727115697, 
		"strike_price": 1.0
	}
}