{
	"simulation_eval": {
		"stop_level": 7, 
		"start_level": 4, 
		"ml_constant": 4, 
		"path_cnt": 5000000, 
		"ml_start_level": 1
	}, 
	"barrier values": {
		"upper": 1e+100, 
		"lower": 1e-10
	}, 
	"heston": {
		"vol_of_vol": 6.126891579441166, 
		"time_to_maturity": 1.0, 
		"correlation": 0.3862214827435395, 
		"feller-violation-factor": 2.153060032373665, 
		"spot_price": 1, 
		"reversion_rate": 2.4557149264690987, 
		"long_term_avg_vola": 3.5499015231835784, 
		"riskless_rate": 0.023533924221374215, 
		"vola_0": 2.3799808678588685, 
		"strike_price": 1.0
	}
}