{
	"simulation_eval": {
		"stop_level": 7, 
		"start_level": 4, 
		"ml_constant": 4, 
		"path_cnt": 5000000, 
		"ml_start_level": 1
	}, 
	"barrier values": {
		"upper": 1e+100, 
		"lower": 1e-10
	}, 
	"heston": {
		"vol_of_vol": 7.358528983347068, 
		"time_to_maturity": 1.0, 
		"correlation": -0.5003645733739535, 
		"feller-violation-factor": 0.8850069737187769, 
		"spot_price": 1, 
		"reversion_rate": 7.486475208772212, 
		"long_term_avg_vola": 4.086278195597638, 
		"riskless_rate": 0.007295736836442024, 
		"vola_0": 2.487629732349093, 
		"strike_price": 1.0
	}
}