{
	"simulation_eval": {
		"stop_level": 7, 
		"start_level": 4, 
		"ml_constant": 4, 
		"path_cnt": 5000000, 
		"ml_start_level": 1
	}, 
	"barrier values": {
		"upper": 1e+100, 
		"lower": 1e-10
	}, 
	"heston": {
		"vol_of_vol": 5.03705562856059, 
		"time_to_maturity": 1.0, 
		"correlation": -0.023382929676033726, 
		"feller-violation-factor": 1.480641372634219, 
		"spot_price": 1, 
		"reversion_rate": 2.4953524189527565, 
		"long_term_avg_vola": 3.4335369743215214, 
		"riskless_rate": 0.030096016030966344, 
		"vola_0": 6.364017899402576, 
		"strike_price": 1.0
	}
}