{
	"simulation_eval": {
		"stop_level": 7, 
		"start_level": 4, 
		"ml_constant": 4, 
		"path_cnt": 5000000, 
		"ml_start_level": 1
	}, 
	"barrier values": {
		"upper": 1e+100, 
		"lower": 1e-10
	}, 
	"heston": {
		"vol_of_vol": 3.935617694250212, 
		"time_to_maturity": 1.0, 
		"correlation": 0.7701364806612492, 
		"feller-violation-factor": 0.668104414549037, 
		"spot_price": 1, 
		"reversion_rate": 8.952578581074368, 
		"long_term_avg_vola": 1.294801906348904, 
		"riskless_rate": 0.008755347117370794, 
		"vola_0": 5.609275530306987, 
		"strike_price": 1.0
	}
}