{
	"simulation_eval": {
		"stop_level": 7, 
		"start_level": 4, 
		"ml_constant": 4, 
		"path_cnt": 5000000, 
		"ml_start_level": 1
	}, 
	"barrier values": {
		"upper": 1e+100, 
		"lower": 1e-10
	}, 
	"heston": {
		"vol_of_vol": 9.581462738770565, 
		"time_to_maturity": 1.0, 
		"correlation": -0.4790600299019685, 
		"feller-violation-factor": 4.772014051628877, 
		"spot_price": 1, 
		"reversion_rate": 4.292777650349266, 
		"long_term_avg_vola": 2.240750625353413, 
		"riskless_rate": 0.007866533681920918, 
		"vola_0": 2.7227091439387516, 
		"strike_price": 1.0
	}
}