{
	"simulation_eval": {
		"stop_level": 7, 
		"start_level": 4, 
		"ml_constant": 4, 
		"path_cnt": 5000000, 
		"ml_start_level": 1
	}, 
	"barrier values": {
		"upper": 1e+100, 
		"lower": 1e-10
	}, 
	"heston": {
		"vol_of_vol": 7.287365888975898, 
		"time_to_maturity": 1.0, 
		"correlation": -0.6970435697388442, 
		"feller-violation-factor": 14.00314412026892, 
		"spot_price": 1, 
		"reversion_rate": 2.460755791054264, 
		"long_term_avg_vola": 0.7705788428206076, 
		"riskless_rate": 0.045175237635336166, 
		"vola_0": 5.99440080986383, 
		"strike_price": 1.0
	}
}