{
	"simulation_eval": {
		"stop_level": 7, 
		"start_level": 4, 
		"ml_constant": 4, 
		"path_cnt": 5000000, 
		"ml_start_level": 1
	}, 
	"barrier values": {
		"upper": 1e+100, 
		"lower": 1e-10
	}, 
	"heston": {
		"vol_of_vol": 9.256165517363092, 
		"time_to_maturity": 1.0, 
		"correlation": -0.1317648554860682, 
		"feller-violation-factor": 12.752334555235946, 
		"spot_price": 1, 
		"reversion_rate": 3.530426923281941, 
		"long_term_avg_vola": 0.9515142661383977, 
		"riskless_rate": 0.002160268416345179, 
		"vola_0": 6.056675602417227, 
		"strike_price": 1.0
	}
}