{
	"simulation_eval": {
		"stop_level": 7, 
		"start_level": 4, 
		"ml_constant": 4, 
		"path_cnt": 5000000, 
		"ml_start_level": 1
	}, 
	"barrier values": {
		"upper": 1e+100, 
		"lower": 1e-10
	}, 
	"heston": {
		"vol_of_vol": 1.3274512687950577, 
		"time_to_maturity": 1.0, 
		"correlation": -0.8150136078214756, 
		"feller-violation-factor": 2.85147953767855, 
		"spot_price": 1, 
		"reversion_rate": 3.0191683706024532, 
		"long_term_avg_vola": 0.10234098337535727, 
		"riskless_rate": 0.016718710528506105, 
		"vola_0": 8.2446683463376, 
		"strike_price": 1.0
	}
}