{
	"simulation_eval": {
		"stop_level": 7, 
		"start_level": 4, 
		"ml_constant": 4, 
		"path_cnt": 5000000, 
		"ml_start_level": 1
	}, 
	"barrier values": {
		"upper": 1e+100, 
		"lower": 1e-10
	}, 
	"heston": {
		"vol_of_vol": 9.258525862962546, 
		"time_to_maturity": 1.0, 
		"correlation": 0.04393623297839144, 
		"feller-violation-factor": 43.07100097765764, 
		"spot_price": 1, 
		"reversion_rate": 2.3539830715046857, 
		"long_term_avg_vola": 0.4227322607400944, 
		"riskless_rate": 0.032867170754272694, 
		"vola_0": 8.998850200189692, 
		"strike_price": 1.0
	}
}