{
	"simulation_eval": {
		"stop_level": 7, 
		"start_level": 4, 
		"ml_constant": 4, 
		"path_cnt": 5000000, 
		"ml_start_level": 1
	}, 
	"barrier values": {
		"upper": 1e+100, 
		"lower": 1e-10
	}, 
	"heston": {
		"vol_of_vol": 5.213973296171056, 
		"time_to_maturity": 1.0, 
		"correlation": 0.8642509541768193, 
		"feller-violation-factor": 29.612504065220783, 
		"spot_price": 1, 
		"reversion_rate": 0.1276934151889252, 
		"long_term_avg_vola": 3.594710942476576, 
		"riskless_rate": 0.04020533997965241, 
		"vola_0": 6.711074286328446, 
		"strike_price": 1.0
	}
}