{
	"simulation_eval": {
		"stop_level": 7, 
		"start_level": 4, 
		"ml_constant": 4, 
		"path_cnt": 5000000, 
		"ml_start_level": 1
	}, 
	"barrier values": {
		"upper": 1e+100, 
		"lower": 1e-10
	}, 
	"heston": {
		"vol_of_vol": 5.1343493482284925, 
		"time_to_maturity": 1.0, 
		"correlation": -0.6048390855761343, 
		"feller-violation-factor": 34.08492912434604, 
		"spot_price": 1, 
		"reversion_rate": 2.004579389754562, 
		"long_term_avg_vola": 0.19291019451162503, 
		"riskless_rate": 0.044121086561381744, 
		"vola_0": 5.720292835074751, 
		"strike_price": 1.0
	}
}