{
	"simulation_eval": {
		"stop_level": 7, 
		"start_level": 4, 
		"ml_constant": 4, 
		"path_cnt": 5000000, 
		"ml_start_level": 1
	}, 
	"barrier values": {
		"upper": 1e+100, 
		"lower": 1e-10
	}, 
	"heston": {
		"vol_of_vol": 9.578137151306448, 
		"time_to_maturity": 1.0, 
		"correlation": 0.20844955449375369, 
		"feller-violation-factor": 41.106646699632165, 
		"spot_price": 1, 
		"reversion_rate": 1.47932247412086, 
		"long_term_avg_vola": 0.7543227426403956, 
		"riskless_rate": 0.022469197021565714, 
		"vola_0": 3.0129765783710747, 
		"strike_price": 1.0
	}
}