{
	"simulation_eval": {
		"stop_level": 7, 
		"start_level": 4, 
		"ml_constant": 4, 
		"path_cnt": 5000000, 
		"ml_start_level": 1
	}, 
	"barrier values": {
		"upper": 1e+100, 
		"lower": 1e-10
	}, 
	"heston": {
		"vol_of_vol": 7.3327847850926995, 
		"time_to_maturity": 1.0, 
		"correlation": 0.4550096268832129, 
		"feller-violation-factor": 3.775923152685254, 
		"spot_price": 1, 
		"reversion_rate": 2.371326930080118, 
		"long_term_avg_vola": 3.002571109186001, 
		"riskless_rate": 0.02737127754381126, 
		"vola_0": 6.334526526490044, 
		"strike_price": 1.0
	}
}