{
	"simulation_eval": {
		"stop_level": 7, 
		"start_level": 4, 
		"ml_constant": 4, 
		"path_cnt": 5000000, 
		"ml_start_level": 1
	}, 
	"barrier values": {
		"upper": 1e+100, 
		"lower": 1e-10
	}, 
	"heston": {
		"vol_of_vol": 1.529399838728554, 
		"time_to_maturity": 1.0, 
		"correlation": -0.6113601139308362, 
		"feller-violation-factor": 0.2500743931006959, 
		"spot_price": 1, 
		"reversion_rate": 7.893600146974478, 
		"long_term_avg_vola": 0.5924718732567293, 
		"riskless_rate": 0.011764108214741437, 
		"vola_0": 7.760056915754481, 
		"strike_price": 1.0
	}
}