{
	"simulation_eval": {
		"stop_level": 7, 
		"start_level": 4, 
		"ml_constant": 4, 
		"path_cnt": 5000000, 
		"ml_start_level": 1
	}, 
	"barrier values": {
		"upper": 1e+100, 
		"lower": 1e-10
	}, 
	"heston": {
		"vol_of_vol": 7.542040276108302, 
		"time_to_maturity": 1.0, 
		"correlation": -0.7218663063546318, 
		"feller-violation-factor": 75.59802392954967, 
		"spot_price": 1, 
		"reversion_rate": 1.7328908363182542, 
		"long_term_avg_vola": 0.217103112743963, 
		"riskless_rate": 0.01427191987310484, 
		"vola_0": 6.915683366234392, 
		"strike_price": 1.0
	}
}