{
	"simulation_eval": {
		"stop_level": 7, 
		"start_level": 4, 
		"ml_constant": 4, 
		"path_cnt": 5000000, 
		"ml_start_level": 1
	}, 
	"barrier values": {
		"upper": 1e+100, 
		"lower": 1e-10
	}, 
	"heston": {
		"vol_of_vol": 9.397038488635557, 
		"time_to_maturity": 1.0, 
		"correlation": -0.353778898923077, 
		"feller-violation-factor": 57.06953029298044, 
		"spot_price": 1, 
		"reversion_rate": 2.107420150749422, 
		"long_term_avg_vola": 0.3671103164639855, 
		"riskless_rate": 0.006252053393910473, 
		"vola_0": 6.577661935813654, 
		"strike_price": 1.0
	}
}