{
	"heston": {
		"reversion_rate": 2.1641564471761234, 
		"time_to_maturity": 6.5135953148631645, 
		"strike_price": 1, 
		"spot_price": 1, 
		"vol_of_vol": 4.986973183296259, 
		"vola_0": 6.0793946731410795, 
		"correlation": 0.7282636869408281, 
		"long_term_avg_vola": 3.18221863468687, 
		"riskless_rate": 0.0626247655202957
	}, 
	"barrier values": {
		"lower": 1e-10, 
		"upper": 1e+100
	}, 
	"simulation_eval": {
		"path_cnt": 100000, 
		"stop_level": 7, 
		"start_level": 4, 
		"ml_start_level": 1, 
		"ml_constant": 4
	}
}