{
	"heston": {
		"reversion_rate": 9.588073921032862, 
		"time_to_maturity": 4.501971471761414, 
		"strike_price": 1, 
		"spot_price": 1, 
		"vol_of_vol": 4.941098961451278, 
		"vola_0": 8.772281199710232, 
		"correlation": 0.8136671343049975, 
		"long_term_avg_vola": 2.0730524232281127, 
		"riskless_rate": 0.03269085987110998
	}, 
	"barrier values": {
		"lower": 1e-10, 
		"upper": 1e+100
	}, 
	"simulation_eval": {
		"path_cnt": 100000, 
		"stop_level": 7, 
		"start_level": 4, 
		"ml_start_level": 1, 
		"ml_constant": 4
	}
}