{
	"heston": {
		"reversion_rate": 1.5595722262813974, 
		"time_to_maturity": 8.743874303702503, 
		"strike_price": 1, 
		"spot_price": 1, 
		"vol_of_vol": 7.3545488268708725, 
		"vola_0": 6.85726719034394, 
		"correlation": -0.46579896973238455, 
		"long_term_avg_vola": 1.4990107409523286, 
		"riskless_rate": 0.08163004868482154
	}, 
	"barrier values": {
		"lower": 1e-10, 
		"upper": 1e+100
	}, 
	"simulation_eval": {
		"path_cnt": 100000, 
		"stop_level": 7, 
		"start_level": 4, 
		"ml_start_level": 1, 
		"ml_constant": 4
	}
}