{
	"heston": {
		"reversion_rate": 0.5639473709848066, 
		"time_to_maturity": 1.7931611905957108, 
		"strike_price": 1, 
		"spot_price": 1, 
		"vol_of_vol": 5.5364045974363645, 
		"vola_0": 8.436342079478099, 
		"correlation": 0.0641474700612521, 
		"long_term_avg_vola": 1.8484893695854223, 
		"riskless_rate": 0.14823668265375273
	}, 
	"barrier values": {
		"lower": 1e-10, 
		"upper": 1e+100
	}, 
	"simulation_eval": {
		"path_cnt": 100000, 
		"stop_level": 7, 
		"start_level": 4, 
		"ml_start_level": 1, 
		"ml_constant": 4
	}
}