{
	"heston": {
		"reversion_rate": 5.955505610481897, 
		"time_to_maturity": 2.435468848025112, 
		"strike_price": 1, 
		"spot_price": 1, 
		"vol_of_vol": 9.571477865188502, 
		"vola_0": 9.25364322542581, 
		"correlation": -0.37760583557954397, 
		"long_term_avg_vola": 1.2851079303664654, 
		"riskless_rate": 0.21018685828539638
	}, 
	"barrier values": {
		"lower": 1e-10, 
		"upper": 1e+100
	}, 
	"simulation_eval": {
		"path_cnt": 100000, 
		"stop_level": 7, 
		"start_level": 4, 
		"ml_start_level": 1, 
		"ml_constant": 4
	}
}