{
	"heston": {
		"reversion_rate": 4.881947864031388, 
		"time_to_maturity": 8.219547900957771, 
		"strike_price": 1, 
		"spot_price": 1, 
		"vol_of_vol": 3.739359778832647, 
		"vola_0": 8.06815862739774, 
		"correlation": -0.660320980313388, 
		"long_term_avg_vola": 3.340134976864275, 
		"riskless_rate": 0.17552633738605836
	}, 
	"barrier values": {
		"lower": 1e-10, 
		"upper": 1e+100
	}, 
	"simulation_eval": {
		"path_cnt": 100000, 
		"stop_level": 7, 
		"start_level": 4, 
		"ml_start_level": 1, 
		"ml_constant": 4
	}
}