{
	"heston": {
		"reversion_rate": 3.940604075655342, 
		"time_to_maturity": 1.4765246252678568, 
		"strike_price": 1, 
		"spot_price": 1, 
		"vol_of_vol": 3.180860296454055, 
		"vola_0": 5.575626271692526, 
		"correlation": -0.1923049233877301, 
		"long_term_avg_vola": 0.5269345717685476, 
		"riskless_rate": 0.1245058926455645
	}, 
	"barrier values": {
		"lower": 1e-10, 
		"upper": 1e+100
	}, 
	"simulation_eval": {
		"path_cnt": 100000, 
		"stop_level": 7, 
		"start_level": 4, 
		"ml_start_level": 1, 
		"ml_constant": 4
	}
}