{
	"heston": {
		"reversion_rate": 7.557831831491763, 
		"time_to_maturity": 0.6527157673986597, 
		"strike_price": 1, 
		"spot_price": 1, 
		"vol_of_vol": 5.628113798826276, 
		"vola_0": 2.984853988652414, 
		"correlation": -0.9241593962750709, 
		"long_term_avg_vola": 0.06944209918080384, 
		"riskless_rate": 0.0026961565037044444
	}, 
	"barrier values": {
		"lower": 1e-10, 
		"upper": 1e+100
	}, 
	"simulation_eval": {
		"path_cnt": 100000, 
		"stop_level": 7, 
		"start_level": 4, 
		"ml_start_level": 1, 
		"ml_constant": 4
	}
}