{
	"heston": {
		"reversion_rate": 6.064441579713522, 
		"time_to_maturity": 3.52687156410022, 
		"strike_price": 1, 
		"spot_price": 1, 
		"vol_of_vol": 4.578406482368605, 
		"vola_0": 1.2970240792432028, 
		"correlation": -0.49131517804474, 
		"long_term_avg_vola": 2.650346081363674, 
		"riskless_rate": 0.16465025136113356
	}, 
	"barrier values": {
		"lower": 1e-10, 
		"upper": 1e+100
	}, 
	"simulation_eval": {
		"path_cnt": 100000, 
		"stop_level": 7, 
		"start_level": 4, 
		"ml_start_level": 1, 
		"ml_constant": 4
	}
}