{
	"heston": {
		"reversion_rate": 2.2707358999132654, 
		"time_to_maturity": 4.751085930132625, 
		"strike_price": 1, 
		"spot_price": 1, 
		"vol_of_vol": 9.207597116455817, 
		"vola_0": 4.121516125265149, 
		"correlation": -0.4854518581816707, 
		"long_term_avg_vola": 1.348163593650297, 
		"riskless_rate": 0.19776260070612853
	}, 
	"barrier values": {
		"lower": 1e-10, 
		"upper": 1e+100
	}, 
	"simulation_eval": {
		"path_cnt": 100000, 
		"stop_level": 7, 
		"start_level": 4, 
		"ml_start_level": 1, 
		"ml_constant": 4
	}
}