{
	"heston": {
		"reversion_rate": 0.8873368305247515, 
		"time_to_maturity": 4.846945763626444, 
		"strike_price": 1, 
		"spot_price": 1, 
		"vol_of_vol": 4.38087601783952, 
		"vola_0": 0.4552110870296603, 
		"correlation": 0.02645423144759751, 
		"long_term_avg_vola": 1.9184408573892784, 
		"riskless_rate": 0.21274481965477735
	}, 
	"barrier values": {
		"lower": 1e-10, 
		"upper": 1e+100
	}, 
	"simulation_eval": {
		"path_cnt": 100000, 
		"stop_level": 7, 
		"start_level": 4, 
		"ml_start_level": 1, 
		"ml_constant": 4
	}
}