{
	"heston": {
		"reversion_rate": 2.7479885524375613, 
		"time_to_maturity": 2.9353731104936562, 
		"strike_price": 1, 
		"spot_price": 1, 
		"vol_of_vol": 2.508692313969678, 
		"vola_0": 8.783778035896843, 
		"correlation": 0.07599812722702204, 
		"long_term_avg_vola": 4.5804342203247295, 
		"riskless_rate": 0.08201213929534512
	}, 
	"barrier values": {
		"lower": 1e-10, 
		"upper": 1e+100
	}, 
	"simulation_eval": {
		"path_cnt": 100000, 
		"stop_level": 7, 
		"start_level": 4, 
		"ml_start_level": 1, 
		"ml_constant": 4
	}
}