{
	"heston": {
		"reversion_rate": 5.2728897315809435, 
		"time_to_maturity": 7.3401837690397365, 
		"strike_price": 1, 
		"spot_price": 1, 
		"vol_of_vol": 2.79533939127857, 
		"vola_0": 9.639760907494743, 
		"correlation": -0.8493174073871415, 
		"long_term_avg_vola": 2.628702457498466, 
		"riskless_rate": 0.18078157898310715
	}, 
	"barrier values": {
		"lower": 1e-10, 
		"upper": 1e+100
	}, 
	"simulation_eval": {
		"path_cnt": 100000, 
		"stop_level": 7, 
		"start_level": 4, 
		"ml_start_level": 1, 
		"ml_constant": 4
	}
}