{
	"heston": {
		"reversion_rate": 0.4406736861685687, 
		"time_to_maturity": 6.9751352674575635, 
		"strike_price": 1, 
		"spot_price": 1, 
		"vol_of_vol": 8.661482292638569, 
		"vola_0": 0.3205326226034029, 
		"correlation": 0.3643448673059215, 
		"long_term_avg_vola": 3.180037227830342, 
		"riskless_rate": 0.06030037473886882
	}, 
	"barrier values": {
		"lower": 1e-10, 
		"upper": 1e+100
	}, 
	"simulation_eval": {
		"path_cnt": 100000, 
		"stop_level": 7, 
		"start_level": 4, 
		"ml_start_level": 1, 
		"ml_constant": 4
	}
}