{
	"heston": {
		"reversion_rate": 0.8753079879271471, 
		"time_to_maturity": 1.2018035607553292, 
		"strike_price": 1, 
		"spot_price": 1, 
		"vol_of_vol": 3.3271400160798756, 
		"vola_0": 0.6631474213308536, 
		"correlation": -0.8976979556181031, 
		"long_term_avg_vola": 3.1066239267543705, 
		"riskless_rate": 0.030489318781949937
	}, 
	"barrier values": {
		"lower": 1e-10, 
		"upper": 1e+100
	}, 
	"simulation_eval": {
		"path_cnt": 100000, 
		"stop_level": 7, 
		"start_level": 4, 
		"ml_start_level": 1, 
		"ml_constant": 4
	}
}