{
	"heston": {
		"reversion_rate": 1.3997964542749137, 
		"time_to_maturity": 0.42342416956158435, 
		"strike_price": 1, 
		"spot_price": 1, 
		"vol_of_vol": 8.636209325381326, 
		"vola_0": 0.8830760840239407, 
		"correlation": 0.0004997513272855247, 
		"long_term_avg_vola": 2.445189821979152, 
		"riskless_rate": 0.07240339975329504
	}, 
	"barrier values": {
		"lower": 1e-10, 
		"upper": 1e+100
	}, 
	"simulation_eval": {
		"path_cnt": 100000, 
		"stop_level": 7, 
		"start_level": 4, 
		"ml_start_level": 1, 
		"ml_constant": 4
	}
}