{
	"heston": {
		"reversion_rate": 1.9067695091154369, 
		"time_to_maturity": 5.803273585627707, 
		"strike_price": 1, 
		"spot_price": 1, 
		"vol_of_vol": 5.85286081016494, 
		"vola_0": 2.6947745608365086, 
		"correlation": -0.46795161028415566, 
		"long_term_avg_vola": 2.2830353600056776, 
		"riskless_rate": 0.013211424427047674
	}, 
	"barrier values": {
		"lower": 1e-10, 
		"upper": 1e+100
	}, 
	"simulation_eval": {
		"path_cnt": 100000, 
		"stop_level": 7, 
		"start_level": 4, 
		"ml_start_level": 1, 
		"ml_constant": 4
	}
}