{
	"heston": {
		"reversion_rate": 3.102792924116155, 
		"time_to_maturity": 7.951309569279342, 
		"strike_price": 1, 
		"spot_price": 1, 
		"vol_of_vol": 8.568328405553672, 
		"vola_0": 9.368042459030452, 
		"correlation": -0.16546852701180215, 
		"long_term_avg_vola": 2.8317628638536814, 
		"riskless_rate": 0.18480564043752387
	}, 
	"barrier values": {
		"lower": 1e-10, 
		"upper": 1e+100
	}, 
	"simulation_eval": {
		"path_cnt": 100000, 
		"stop_level": 7, 
		"start_level": 4, 
		"ml_start_level": 1, 
		"ml_constant": 4
	}
}