{
	"heston": {
		"reversion_rate": 2.0060231498778864, 
		"time_to_maturity": 4.954176630929792, 
		"strike_price": 1, 
		"spot_price": 1, 
		"vol_of_vol": 6.466372313161179, 
		"vola_0": 0.6498283111049273, 
		"correlation": 0.702846549491905, 
		"long_term_avg_vola": 0.17862184749461868, 
		"riskless_rate": 0.167307319334735
	}, 
	"barrier values": {
		"lower": 1e-10, 
		"upper": 1e+100
	}, 
	"simulation_eval": {
		"path_cnt": 100000, 
		"stop_level": 7, 
		"start_level": 4, 
		"ml_start_level": 1, 
		"ml_constant": 4
	}
}