{
	"heston": {
		"reversion_rate": 2.3664464961805085, 
		"time_to_maturity": 0.8067976146337, 
		"strike_price": 1, 
		"spot_price": 1, 
		"vol_of_vol": 2.169736707389372, 
		"vola_0": 4.117035307085043, 
		"correlation": -0.967340301115738, 
		"long_term_avg_vola": 2.1853923707879384, 
		"riskless_rate": 0.23469236532614227
	}, 
	"barrier values": {
		"lower": 1e-10, 
		"upper": 1e+100
	}, 
	"simulation_eval": {
		"path_cnt": 100000, 
		"stop_level": 7, 
		"start_level": 4, 
		"ml_start_level": 1, 
		"ml_constant": 4
	}
}