{
	"heston": {
		"reversion_rate": 8.344900387412649, 
		"time_to_maturity": 9.994549542748784, 
		"strike_price": 1, 
		"spot_price": 1, 
		"vol_of_vol": 4.687895505414322, 
		"vola_0": 5.8623951264171685, 
		"correlation": 0.5107336092251726, 
		"long_term_avg_vola": 4.144039476687546, 
		"riskless_rate": 0.09356665966450708
	}, 
	"barrier values": {
		"lower": 1e-10, 
		"upper": 1e+100
	}, 
	"simulation_eval": {
		"path_cnt": 100000, 
		"stop_level": 7, 
		"start_level": 4, 
		"ml_start_level": 1, 
		"ml_constant": 4
	}
}