{
	"heston": {
		"reversion_rate": 0.9159448556069651, 
		"time_to_maturity": 8.50759479803238, 
		"strike_price": 1, 
		"spot_price": 1, 
		"vol_of_vol": 9.755907990794029, 
		"vola_0": 9.048493079866155, 
		"correlation": 0.5609901563901347, 
		"long_term_avg_vola": 0.6600966517850022, 
		"riskless_rate": 0.14051493837148266
	}, 
	"barrier values": {
		"lower": 1e-10, 
		"upper": 1e+100
	}, 
	"simulation_eval": {
		"path_cnt": 100000, 
		"stop_level": 7, 
		"start_level": 4, 
		"ml_start_level": 1, 
		"ml_constant": 4
	}
}