{
	"heston": {
		"reversion_rate": 5.585276061840066, 
		"time_to_maturity": 2.3948071344828876, 
		"strike_price": 1, 
		"spot_price": 1, 
		"vol_of_vol": 9.543199271724426, 
		"vola_0": 9.876059232058624, 
		"correlation": -0.12346784294130497, 
		"long_term_avg_vola": 2.633306295038108, 
		"riskless_rate": 0.14191502734682826
	}, 
	"barrier values": {
		"lower": 1e-10, 
		"upper": 1e+100
	}, 
	"simulation_eval": {
		"path_cnt": 100000, 
		"stop_level": 7, 
		"start_level": 4, 
		"ml_start_level": 1, 
		"ml_constant": 4
	}
}