{
	"heston": {
		"reversion_rate": 3.0298007417858157, 
		"time_to_maturity": 5.088201042258644, 
		"strike_price": 1, 
		"spot_price": 1, 
		"vol_of_vol": 5.745962681706019, 
		"vola_0": 6.107934256553879, 
		"correlation": -0.14971229572052058, 
		"long_term_avg_vola": 0.41778381444984886, 
		"riskless_rate": 0.11728283119379365
	}, 
	"barrier values": {
		"lower": 1e-10, 
		"upper": 1e+100
	}, 
	"simulation_eval": {
		"path_cnt": 100000, 
		"stop_level": 7, 
		"start_level": 4, 
		"ml_start_level": 1, 
		"ml_constant": 4
	}
}