{
	"heston": {
		"reversion_rate": 9.082504280514916, 
		"time_to_maturity": 6.301132731899229, 
		"strike_price": 1, 
		"spot_price": 1, 
		"vol_of_vol": 7.297981654525455, 
		"vola_0": 6.160129667171021, 
		"correlation": -0.10089349447630025, 
		"long_term_avg_vola": 0.1031255564662212, 
		"riskless_rate": 0.09413490259238674
	}, 
	"barrier values": {
		"lower": 1e-10, 
		"upper": 1e+100
	}, 
	"simulation_eval": {
		"path_cnt": 100000, 
		"stop_level": 7, 
		"start_level": 4, 
		"ml_start_level": 1, 
		"ml_constant": 4
	}
}