{
	"heston": {
		"reversion_rate": 3.299880118508204, 
		"time_to_maturity": 6.097846021803839, 
		"strike_price": 1, 
		"spot_price": 1, 
		"vol_of_vol": 4.816083098607408, 
		"vola_0": 0.6832717941934714, 
		"correlation": -0.21072283721456087, 
		"long_term_avg_vola": 0.4620158644076051, 
		"riskless_rate": 0.08080434821560911
	}, 
	"barrier values": {
		"lower": 1e-10, 
		"upper": 1e+100
	}, 
	"simulation_eval": {
		"path_cnt": 100000, 
		"stop_level": 7, 
		"start_level": 4, 
		"ml_start_level": 1, 
		"ml_constant": 4
	}
}