{
	"heston": {
		"reversion_rate": 7.132418644460101, 
		"time_to_maturity": 7.406440142722285, 
		"strike_price": 1, 
		"spot_price": 1, 
		"vol_of_vol": 8.166440107203268, 
		"vola_0": 5.36657784324425, 
		"correlation": -0.9344115302826337, 
		"long_term_avg_vola": 2.7490883116504823, 
		"riskless_rate": 0.12289622259209379
	}, 
	"barrier values": {
		"lower": 1e-10, 
		"upper": 1e+100
	}, 
	"simulation_eval": {
		"path_cnt": 100000, 
		"stop_level": 7, 
		"start_level": 4, 
		"ml_start_level": 1, 
		"ml_constant": 4
	}
}