{
	"heston": {
		"reversion_rate": 1.3958790474419125, 
		"time_to_maturity": 5.443918968472452, 
		"strike_price": 1, 
		"spot_price": 1, 
		"vol_of_vol": 4.373090452073427, 
		"vola_0": 7.429905339024423, 
		"correlation": 0.39745764210285195, 
		"long_term_avg_vola": 0.14925528653722017, 
		"riskless_rate": 0.023500643611947925
	}, 
	"barrier values": {
		"lower": 1e-10, 
		"upper": 1e+100
	}, 
	"simulation_eval": {
		"path_cnt": 100000, 
		"stop_level": 7, 
		"start_level": 4, 
		"ml_start_level": 1, 
		"ml_constant": 4
	}
}