{
	"heston": {
		"reversion_rate": 0.464205138923779, 
		"time_to_maturity": 2.815255810683721, 
		"strike_price": 1, 
		"spot_price": 1, 
		"vol_of_vol": 8.028691919440423, 
		"vola_0": 8.808661293081848, 
		"correlation": 0.5929037184642441, 
		"long_term_avg_vola": 1.0548685112106413, 
		"riskless_rate": 0.07740365593722076
	}, 
	"barrier values": {
		"lower": 1e-10, 
		"upper": 1e+100
	}, 
	"simulation_eval": {
		"path_cnt": 100000, 
		"stop_level": 7, 
		"start_level": 4, 
		"ml_start_level": 1, 
		"ml_constant": 4
	}
}