{
	"heston": {
		"reversion_rate": 4.781270671921979, 
		"time_to_maturity": 7.775264035477413, 
		"strike_price": 1, 
		"spot_price": 1, 
		"vol_of_vol": 7.606770048306001, 
		"vola_0": 0.05308479750972736, 
		"correlation": -0.44524826065668965, 
		"long_term_avg_vola": 0.4926200857401527, 
		"riskless_rate": 0.06027577390309141
	}, 
	"barrier values": {
		"lower": 1e-10, 
		"upper": 1e+100
	}, 
	"simulation_eval": {
		"path_cnt": 100000, 
		"stop_level": 7, 
		"start_level": 4, 
		"ml_start_level": 1, 
		"ml_constant": 4
	}
}