{
	"heston": {
		"reversion_rate": 7.726463231550449, 
		"time_to_maturity": 8.36102332646691, 
		"strike_price": 1, 
		"spot_price": 1, 
		"vol_of_vol": 9.610068616188862, 
		"vola_0": 4.279979470982196, 
		"correlation": 0.36462224814520416, 
		"long_term_avg_vola": 1.818051802893197, 
		"riskless_rate": 0.20494422317629815
	}, 
	"barrier values": {
		"lower": 1e-10, 
		"upper": 1e+100
	}, 
	"simulation_eval": {
		"path_cnt": 100000, 
		"stop_level": 7, 
		"start_level": 4, 
		"ml_start_level": 1, 
		"ml_constant": 4
	}
}