{
	"heston": {
		"reversion_rate": 5.464643186746295, 
		"time_to_maturity": 5.975795408468953, 
		"strike_price": 1, 
		"spot_price": 1, 
		"vol_of_vol": 8.767214239893825, 
		"vola_0": 3.4288129004457235, 
		"correlation": -0.6453399007073983, 
		"long_term_avg_vola": 0.2962085630058798, 
		"riskless_rate": 0.24266573739471364
	}, 
	"barrier values": {
		"lower": 1e-10, 
		"upper": 1e+100
	}, 
	"simulation_eval": {
		"path_cnt": 100000, 
		"stop_level": 7, 
		"start_level": 4, 
		"ml_start_level": 1, 
		"ml_constant": 4
	}
}