{
	"heston": {
		"reversion_rate": 8.846845025811785, 
		"time_to_maturity": 7.925021304433801, 
		"strike_price": 1, 
		"spot_price": 1, 
		"vol_of_vol": 8.731426055277757, 
		"vola_0": 6.773099434682348, 
		"correlation": -0.1747551049948437, 
		"long_term_avg_vola": 3.418499541295966, 
		"riskless_rate": 0.14549043419800112
	}, 
	"barrier values": {
		"lower": 1e-10, 
		"upper": 1e+100
	}, 
	"simulation_eval": {
		"path_cnt": 100000, 
		"stop_level": 7, 
		"start_level": 4, 
		"ml_start_level": 1, 
		"ml_constant": 4
	}
}