{
	"heston": {
		"reversion_rate": 2.8399302016658834, 
		"time_to_maturity": 5.622239294199979, 
		"strike_price": 1, 
		"spot_price": 1, 
		"vol_of_vol": 8.97599464939858, 
		"vola_0": 2.5455748342544595, 
		"correlation": 0.3247675107538328, 
		"long_term_avg_vola": 0.6342422242256832, 
		"riskless_rate": 0.1353162180442185
	}, 
	"barrier values": {
		"lower": 1e-10, 
		"upper": 1e+100
	}, 
	"simulation_eval": {
		"path_cnt": 100000, 
		"stop_level": 7, 
		"start_level": 4, 
		"ml_start_level": 1, 
		"ml_constant": 4
	}
}