{
	"heston": {
		"reversion_rate": 8.855216829858477, 
		"time_to_maturity": 7.73421874967678, 
		"strike_price": 1, 
		"spot_price": 1, 
		"vol_of_vol": 4.488532556475545, 
		"vola_0": 1.4029260181720853, 
		"correlation": 0.713052824530354, 
		"long_term_avg_vola": 3.801535388384402, 
		"riskless_rate": 0.00588966729072804
	}, 
	"barrier values": {
		"lower": 1e-10, 
		"upper": 1e+100
	}, 
	"simulation_eval": {
		"path_cnt": 100000, 
		"stop_level": 7, 
		"start_level": 4, 
		"ml_start_level": 1, 
		"ml_constant": 4
	}
}