{
	"heston": {
		"reversion_rate": 9.219271095891887, 
		"time_to_maturity": 0.37164465753892273, 
		"strike_price": 1, 
		"spot_price": 1, 
		"vol_of_vol": 5.502430170304967, 
		"vola_0": 0.9388739585897534, 
		"correlation": -0.1334304349011659, 
		"long_term_avg_vola": 1.4684716018382231, 
		"riskless_rate": 0.10844629033780956
	}, 
	"barrier values": {
		"lower": 1e-10, 
		"upper": 1e+100
	}, 
	"simulation_eval": {
		"path_cnt": 100000, 
		"stop_level": 7, 
		"start_level": 4, 
		"ml_start_level": 1, 
		"ml_constant": 4
	}
}