{
	"heston": {
		"reversion_rate": 6.859693499820882, 
		"time_to_maturity": 1.6460573756493457, 
		"strike_price": 1, 
		"spot_price": 1, 
		"vol_of_vol": 1.6391884988128067, 
		"vola_0": 0.1395958055916296, 
		"correlation": 0.966089356031961, 
		"long_term_avg_vola": 0.3816932270201948, 
		"riskless_rate": 0.024991995311862497
	}, 
	"barrier values": {
		"lower": 1e-10, 
		"upper": 1e+100
	}, 
	"simulation_eval": {
		"path_cnt": 100000, 
		"stop_level": 7, 
		"start_level": 4, 
		"ml_start_level": 1, 
		"ml_constant": 4
	}
}