{
	"heston": {
		"reversion_rate": 0.5932277490570544, 
		"time_to_maturity": 1.4857338580047548, 
		"strike_price": 1, 
		"spot_price": 1, 
		"vol_of_vol": 1.3653859719771204, 
		"vola_0": 2.16249193424774, 
		"correlation": -0.7771909005441995, 
		"long_term_avg_vola": 0.07921628240892804, 
		"riskless_rate": 0.23192469740766058
	}, 
	"barrier values": {
		"lower": 1e-10, 
		"upper": 1e+100
	}, 
	"simulation_eval": {
		"path_cnt": 100000, 
		"stop_level": 7, 
		"start_level": 4, 
		"ml_start_level": 1, 
		"ml_constant": 4
	}
}