{
	"heston": {
		"reversion_rate": 5.857894275391464, 
		"time_to_maturity": 5.8483231077061335, 
		"strike_price": 1, 
		"spot_price": 1, 
		"vol_of_vol": 4.817352050718118, 
		"vola_0": 2.2717853865315702, 
		"correlation": -0.8032411973092348, 
		"long_term_avg_vola": 0.765699919600556, 
		"riskless_rate": 0.014974048304027349
	}, 
	"barrier values": {
		"lower": 1e-10, 
		"upper": 1e+100
	}, 
	"simulation_eval": {
		"path_cnt": 100000, 
		"stop_level": 7, 
		"start_level": 4, 
		"ml_start_level": 1, 
		"ml_constant": 4
	}
}