{
	"heston": {
		"reversion_rate": 4.504960640727696, 
		"time_to_maturity": 0.29477399273570687, 
		"strike_price": 1, 
		"spot_price": 1, 
		"vol_of_vol": 9.408373238373347, 
		"vola_0": 5.827966753154279, 
		"correlation": 0.17946355349249465, 
		"long_term_avg_vola": 3.3691524863399422, 
		"riskless_rate": 0.2282319666994284
	}, 
	"barrier values": {
		"lower": 1e-10, 
		"upper": 1e+100
	}, 
	"simulation_eval": {
		"path_cnt": 100000, 
		"stop_level": 7, 
		"start_level": 4, 
		"ml_start_level": 1, 
		"ml_constant": 4
	}
}