{
	"heston": {
		"reversion_rate": 3.1586302791244685, 
		"time_to_maturity": 8.155831936228994, 
		"strike_price": 1, 
		"spot_price": 1, 
		"vol_of_vol": 3.462862027264812, 
		"vola_0": 5.357583207598578, 
		"correlation": 0.15521414399423028, 
		"long_term_avg_vola": 0.5122365964779397, 
		"riskless_rate": 0.041941314201511565
	}, 
	"barrier values": {
		"lower": 1e-10, 
		"upper": 1e+100
	}, 
	"simulation_eval": {
		"path_cnt": 100000, 
		"stop_level": 7, 
		"start_level": 4, 
		"ml_start_level": 1, 
		"ml_constant": 4
	}
}