{
	"heston": {
		"reversion_rate": 6.286699730026458, 
		"time_to_maturity": 9.861843751533243, 
		"strike_price": 1, 
		"spot_price": 1, 
		"vol_of_vol": 9.518619992152932, 
		"vola_0": 8.568400719460115, 
		"correlation": 0.45979863090321915, 
		"long_term_avg_vola": 0.3421448343063815, 
		"riskless_rate": 0.1804300799800655
	}, 
	"barrier values": {
		"lower": 1e-10, 
		"upper": 1e+100
	}, 
	"simulation_eval": {
		"path_cnt": 100000, 
		"stop_level": 7, 
		"start_level": 4, 
		"ml_start_level": 1, 
		"ml_constant": 4
	}
}