{
	"heston": {
		"reversion_rate": 3.2541779870004186, 
		"time_to_maturity": 9.627847572060167, 
		"strike_price": 1, 
		"spot_price": 1, 
		"vol_of_vol": 9.781760028957626, 
		"vola_0": 0.4334454497959931, 
		"correlation": -0.45225991049586844, 
		"long_term_avg_vola": 0.28398206304183166, 
		"riskless_rate": 0.20016968243233285
	}, 
	"barrier values": {
		"lower": 1e-10, 
		"upper": 1e+100
	}, 
	"simulation_eval": {
		"path_cnt": 100000, 
		"stop_level": 7, 
		"start_level": 4, 
		"ml_start_level": 1, 
		"ml_constant": 4
	}
}