{
	"heston": {
		"reversion_rate": 5.063836848488917, 
		"time_to_maturity": 3.6625307021135165, 
		"strike_price": 1, 
		"spot_price": 1, 
		"vol_of_vol": 4.038931143302642, 
		"vola_0": 0.9006022842191855, 
		"correlation": 0.033462505220386296, 
		"long_term_avg_vola": 0.03305450523387181, 
		"riskless_rate": 0.16024970024623805
	}, 
	"barrier values": {
		"lower": 1e-10, 
		"upper": 1e+100
	}, 
	"simulation_eval": {
		"path_cnt": 100000, 
		"stop_level": 7, 
		"start_level": 4, 
		"ml_start_level": 1, 
		"ml_constant": 4
	}
}