{
	"heston": {
		"reversion_rate": 9.272767925869212, 
		"time_to_maturity": 8.951691663261798, 
		"strike_price": 1, 
		"spot_price": 1, 
		"vol_of_vol": 4.126291192212632, 
		"vola_0": 8.939201132592242, 
		"correlation": 0.12329731417283463, 
		"long_term_avg_vola": 1.1079222820595391, 
		"riskless_rate": 0.15137136715952115
	}, 
	"barrier values": {
		"lower": 1e-10, 
		"upper": 1e+100
	}, 
	"simulation_eval": {
		"path_cnt": 100000, 
		"stop_level": 7, 
		"start_level": 4, 
		"ml_start_level": 1, 
		"ml_constant": 4
	}
}