{
	"heston": {
		"reversion_rate": 1.5816412877730863, 
		"time_to_maturity": 8.839945715831371, 
		"strike_price": 1, 
		"spot_price": 1, 
		"vol_of_vol": 5.604781989392812, 
		"vola_0": 5.2852957228296855, 
		"correlation": -0.19106436445654218, 
		"long_term_avg_vola": 1.3863130265037429, 
		"riskless_rate": 0.08274612912573134
	}, 
	"barrier values": {
		"lower": 1e-10, 
		"upper": 1e+100
	}, 
	"simulation_eval": {
		"path_cnt": 100000, 
		"stop_level": 7, 
		"start_level": 4, 
		"ml_start_level": 1, 
		"ml_constant": 4
	}
}