{
	"heston": {
		"reversion_rate": 0.18157566498262612, 
		"time_to_maturity": 3.8695314564465515, 
		"strike_price": 1, 
		"spot_price": 1, 
		"vol_of_vol": 8.564711727553066, 
		"vola_0": 1.5126740490508641, 
		"correlation": -0.2634244132522321, 
		"long_term_avg_vola": 3.6767991171416647, 
		"riskless_rate": 0.034585772903193646
	}, 
	"barrier values": {
		"lower": 1e-10, 
		"upper": 1e+100
	}, 
	"simulation_eval": {
		"path_cnt": 100000, 
		"stop_level": 7, 
		"start_level": 4, 
		"ml_start_level": 1, 
		"ml_constant": 4
	}
}