{
	"heston": {
		"reversion_rate": 2.040760738060927, 
		"time_to_maturity": 2.0235598529823395, 
		"strike_price": 1, 
		"spot_price": 1, 
		"vol_of_vol": 8.677384946413273, 
		"vola_0": 0.33650061156097266, 
		"correlation": 0.20256695288200266, 
		"long_term_avg_vola": 2.284482649505429, 
		"riskless_rate": 0.13492691171822443
	}, 
	"barrier values": {
		"lower": 1e-10, 
		"upper": 1e+100
	}, 
	"simulation_eval": {
		"path_cnt": 100000, 
		"stop_level": 7, 
		"start_level": 4, 
		"ml_start_level": 1, 
		"ml_constant": 4
	}
}