{
	"heston": {
		"reversion_rate": 9.750100894684461, 
		"time_to_maturity": 5.580633006259348, 
		"strike_price": 1, 
		"spot_price": 1, 
		"vol_of_vol": 6.707158145841415, 
		"vola_0": 3.2966828347902646, 
		"correlation": -0.28221448595605314, 
		"long_term_avg_vola": 0.23867454925480108, 
		"riskless_rate": 0.025226148277100846
	}, 
	"barrier values": {
		"lower": 1e-10, 
		"upper": 1e+100
	}, 
	"simulation_eval": {
		"path_cnt": 100000, 
		"stop_level": 7, 
		"start_level": 4, 
		"ml_start_level": 1, 
		"ml_constant": 4
	}
}