{
	"heston": {
		"reversion_rate": 0.28053955027756283, 
		"time_to_maturity": 5.621288428851252, 
		"strike_price": 1, 
		"spot_price": 1, 
		"vol_of_vol": 7.098493240016885, 
		"vola_0": 7.386733794406215, 
		"correlation": -0.8535726071415506, 
		"long_term_avg_vola": 1.4494725050670876, 
		"riskless_rate": 0.21297102462908665
	}, 
	"barrier values": {
		"lower": 1e-10, 
		"upper": 1e+100
	}, 
	"simulation_eval": {
		"path_cnt": 100000, 
		"stop_level": 7, 
		"start_level": 4, 
		"ml_start_level": 1, 
		"ml_constant": 4
	}
}