{
	"heston": {
		"reversion_rate": 0.17516983753231147, 
		"time_to_maturity": 5.732269376758592, 
		"strike_price": 1, 
		"spot_price": 1, 
		"vol_of_vol": 8.762103779662326, 
		"vola_0": 9.08002713530759, 
		"correlation": 0.32969123189910987, 
		"long_term_avg_vola": 2.4698249131260646, 
		"riskless_rate": 0.14082543934649533
	}, 
	"barrier values": {
		"lower": 1e-10, 
		"upper": 1e+100
	}, 
	"simulation_eval": {
		"path_cnt": 100000, 
		"stop_level": 7, 
		"start_level": 4, 
		"ml_start_level": 1, 
		"ml_constant": 4
	}
}