{
	"heston": {
		"reversion_rate": 0.3454938300882391, 
		"time_to_maturity": 8.066029683833438, 
		"strike_price": 1, 
		"spot_price": 1, 
		"vol_of_vol": 8.763347789868485, 
		"vola_0": 5.786996927145986, 
		"correlation": 0.29340814826663864, 
		"long_term_avg_vola": 2.7293768088258017, 
		"riskless_rate": 0.20943825811793904
	}, 
	"barrier values": {
		"lower": 1e-10, 
		"upper": 1e+100
	}, 
	"simulation_eval": {
		"path_cnt": 100000, 
		"stop_level": 7, 
		"start_level": 4, 
		"ml_start_level": 1, 
		"ml_constant": 4
	}
}