{
	"heston": {
		"reversion_rate": 8.177747373230746, 
		"time_to_maturity": 7.63649877190327, 
		"strike_price": 1, 
		"spot_price": 1, 
		"vol_of_vol": 6.182467250604625, 
		"vola_0": 9.289258541433842, 
		"correlation": -0.5616037453575542, 
		"long_term_avg_vola": 3.3755085382816534, 
		"riskless_rate": 0.020040054023594323
	}, 
	"barrier values": {
		"lower": 1e-10, 
		"upper": 1e+100
	}, 
	"simulation_eval": {
		"path_cnt": 100000, 
		"stop_level": 7, 
		"start_level": 4, 
		"ml_start_level": 1, 
		"ml_constant": 4
	}
}