{
	"heston": {
		"reversion_rate": 2.7324603167950134, 
		"time_to_maturity": 4.242588491055354, 
		"strike_price": 1, 
		"spot_price": 1, 
		"vol_of_vol": 7.201359496265513, 
		"vola_0": 8.320841241494959, 
		"correlation": -0.09566515462811065, 
		"long_term_avg_vola": 0.27877721964780566, 
		"riskless_rate": 0.14589543030549024
	}, 
	"barrier values": {
		"lower": 1e-10, 
		"upper": 1e+100
	}, 
	"simulation_eval": {
		"path_cnt": 100000, 
		"stop_level": 7, 
		"start_level": 4, 
		"ml_start_level": 1, 
		"ml_constant": 4
	}
}