{
	"heston": {
		"reversion_rate": 2.16295642889209, 
		"time_to_maturity": 5.200018497985796, 
		"strike_price": 1, 
		"spot_price": 1, 
		"vol_of_vol": 7.674671149218387, 
		"vola_0": 4.6496838454127785, 
		"correlation": -0.9859795590550926, 
		"long_term_avg_vola": 2.018052946365517, 
		"riskless_rate": 0.08168094146862201
	}, 
	"barrier values": {
		"lower": 1e-10, 
		"upper": 1e+100
	}, 
	"simulation_eval": {
		"path_cnt": 100000, 
		"stop_level": 7, 
		"start_level": 4, 
		"ml_start_level": 1, 
		"ml_constant": 4
	}
}