{
	"heston": {
		"reversion_rate": 2.318208050813549, 
		"time_to_maturity": 1.0567079410959224, 
		"strike_price": 1, 
		"spot_price": 1, 
		"vol_of_vol": 7.10497216919863, 
		"vola_0": 7.677800879221118, 
		"correlation": 0.3578620429149806, 
		"long_term_avg_vola": 3.9633690302847646, 
		"riskless_rate": 0.10627224162122412
	}, 
	"barrier values": {
		"lower": 1e-10, 
		"upper": 1e+100
	}, 
	"simulation_eval": {
		"path_cnt": 100000, 
		"stop_level": 7, 
		"start_level": 4, 
		"ml_start_level": 1, 
		"ml_constant": 4
	}
}