{
	"heston": {
		"reversion_rate": 5.9186718319081395, 
		"time_to_maturity": 1.8426591616283372, 
		"strike_price": 1, 
		"spot_price": 1, 
		"vol_of_vol": 9.749148628760608, 
		"vola_0": 3.8633246828195875, 
		"correlation": -0.11553065202798618, 
		"long_term_avg_vola": 0.2506292145154962, 
		"riskless_rate": 0.0450576133211639
	}, 
	"barrier values": {
		"lower": 1e-10, 
		"upper": 1e+100
	}, 
	"simulation_eval": {
		"path_cnt": 100000, 
		"stop_level": 7, 
		"start_level": 4, 
		"ml_start_level": 1, 
		"ml_constant": 4
	}
}