{
	"heston": {
		"reversion_rate": 3.5772817446598606, 
		"time_to_maturity": 8.614490060317419, 
		"strike_price": 1, 
		"spot_price": 1, 
		"vol_of_vol": 2.689253486781225, 
		"vola_0": 6.333022970581033, 
		"correlation": -0.34498347187120837, 
		"long_term_avg_vola": 0.023370297863151285, 
		"riskless_rate": 0.23655717152399963
	}, 
	"barrier values": {
		"lower": 1e-10, 
		"upper": 1e+100
	}, 
	"simulation_eval": {
		"path_cnt": 100000, 
		"stop_level": 7, 
		"start_level": 4, 
		"ml_start_level": 1, 
		"ml_constant": 4
	}
}