{
	"heston": {
		"reversion_rate": 0.250972828952738, 
		"time_to_maturity": 9.669317012587083, 
		"strike_price": 1, 
		"spot_price": 1, 
		"vol_of_vol": 6.189806627047282, 
		"vola_0": 4.187182822733507, 
		"correlation": -0.8098136682180777, 
		"long_term_avg_vola": 0.8103594420808354, 
		"riskless_rate": 0.0076157178912484025
	}, 
	"barrier values": {
		"lower": 1e-10, 
		"upper": 1e+100
	}, 
	"simulation_eval": {
		"path_cnt": 100000, 
		"stop_level": 7, 
		"start_level": 4, 
		"ml_start_level": 1, 
		"ml_constant": 4
	}
}