{
	"heston": {
		"reversion_rate": 4.276228145419929, 
		"time_to_maturity": 2.736888203329944, 
		"strike_price": 1, 
		"spot_price": 1, 
		"vol_of_vol": 2.0517168087346684, 
		"vola_0": 1.0158262174877528, 
		"correlation": 0.17895237182853685, 
		"long_term_avg_vola": 0.8508570267104317, 
		"riskless_rate": 0.09580342056624971
	}, 
	"barrier values": {
		"lower": 1e-10, 
		"upper": 1e+100
	}, 
	"simulation_eval": {
		"path_cnt": 100000, 
		"stop_level": 7, 
		"start_level": 4, 
		"ml_start_level": 1, 
		"ml_constant": 4
	}
}