{
	"heston": {
		"reversion_rate": 9.352027739593705, 
		"time_to_maturity": 8.892370471288407, 
		"strike_price": 1, 
		"spot_price": 1, 
		"vol_of_vol": 8.455029688764807, 
		"vola_0": 0.5052265547048397, 
		"correlation": 0.35720601548020525, 
		"long_term_avg_vola": 0.81151028185949, 
		"riskless_rate": 0.022033086144651104
	}, 
	"barrier values": {
		"lower": 1e-10, 
		"upper": 1e+100
	}, 
	"simulation_eval": {
		"path_cnt": 100000, 
		"stop_level": 7, 
		"start_level": 4, 
		"ml_start_level": 1, 
		"ml_constant": 4
	}
}