{
	"heston": {
		"reversion_rate": 9.452243393493799, 
		"time_to_maturity": 7.818587725787956, 
		"strike_price": 1, 
		"spot_price": 1, 
		"vol_of_vol": 9.932832180541187, 
		"vola_0": 0.5716537066193279, 
		"correlation": 0.34017005689996926, 
		"long_term_avg_vola": 2.2744357439085525, 
		"riskless_rate": 0.2087434682797126
	}, 
	"barrier values": {
		"lower": 1e-10, 
		"upper": 1e+100
	}, 
	"simulation_eval": {
		"path_cnt": 100000, 
		"stop_level": 7, 
		"start_level": 4, 
		"ml_start_level": 1, 
		"ml_constant": 4
	}
}