{
	"heston": {
		"reversion_rate": 0.36077789051826137, 
		"time_to_maturity": 4.786842767586316, 
		"strike_price": 1, 
		"spot_price": 1, 
		"vol_of_vol": 2.822578948289789, 
		"vola_0": 1.8304969504256747, 
		"correlation": -0.057261210079087244, 
		"long_term_avg_vola": 0.5909470975314091, 
		"riskless_rate": 0.13089015466005727
	}, 
	"barrier values": {
		"lower": 1e-10, 
		"upper": 1e+100
	}, 
	"simulation_eval": {
		"path_cnt": 100000, 
		"stop_level": 7, 
		"start_level": 4, 
		"ml_start_level": 1, 
		"ml_constant": 4
	}
}