{
	"heston": {
		"reversion_rate": 9.610824327426574, 
		"time_to_maturity": 8.656788812420324, 
		"strike_price": 1, 
		"spot_price": 1, 
		"vol_of_vol": 5.889540093193564, 
		"vola_0": 0.6632952885997648, 
		"correlation": -0.16209359874551588, 
		"long_term_avg_vola": 1.8192013621969405, 
		"riskless_rate": 0.22394824463491123
	}, 
	"barrier values": {
		"lower": 1e-10, 
		"upper": 1e+100
	}, 
	"simulation_eval": {
		"path_cnt": 100000, 
		"stop_level": 7, 
		"start_level": 4, 
		"ml_start_level": 1, 
		"ml_constant": 4
	}
}