{
	"heston": {
		"reversion_rate": 2.8031246371086875, 
		"time_to_maturity": 4.057865433636797, 
		"strike_price": 1, 
		"spot_price": 1, 
		"vol_of_vol": 6.110600216437388, 
		"vola_0": 4.4118975944518715, 
		"correlation": 0.732559572766881, 
		"long_term_avg_vola": 4.158015778355112, 
		"riskless_rate": 0.00721719865267384
	}, 
	"barrier values": {
		"lower": 1e-10, 
		"upper": 1e+100
	}, 
	"simulation_eval": {
		"path_cnt": 100000, 
		"stop_level": 7, 
		"start_level": 4, 
		"ml_start_level": 1, 
		"ml_constant": 4
	}
}