{
	"simulation_eval": {
		"stop_level": 7, 
		"start_level": 4, 
		"ml_constant": 4, 
		"path_cnt": 5000000, 
		"ml_start_level": 1
	}, 
	"barrier values": {
		"upper": 1e+100, 
		"lower": 1e-10
	}, 
	"heston": {
		"vol_of_vol": 9.325929331420182, 
		"time_to_maturity": 1.0, 
		"correlation": -0.3526465793242184, 
		"feller-violation-factor": 25.741225208951278, 
		"spot_price": 1, 
		"reversion_rate": 3.169189613143226, 
		"long_term_avg_vola": 0.5330608735045606, 
		"riskless_rate": 0.023618410716647588, 
		"vola_0": 2.752647316186112, 
		"strike_price": 1.0
	}
}