{
	"simulation_eval": {
		"stop_level": 7, 
		"start_level": 4, 
		"ml_constant": 4, 
		"path_cnt": 5000000, 
		"ml_start_level": 1
	}, 
	"barrier values": {
		"upper": 1e+100, 
		"lower": 1e-10
	}, 
	"heston": {
		"vol_of_vol": 4.956096518774134, 
		"time_to_maturity": 1.0, 
		"correlation": 0.15815990751531617, 
		"feller-violation-factor": 1.0669277619464124, 
		"spot_price": 1, 
		"reversion_rate": 9.40838803563921, 
		"long_term_avg_vola": 1.2234867732610015, 
		"riskless_rate": 0.03391106648298887, 
		"vola_0": 9.720362882015834, 
		"strike_price": 1.0
	}
}