{
	"simulation_eval": {
		"stop_level": 7, 
		"start_level": 4, 
		"ml_constant": 4, 
		"path_cnt": 5000000, 
		"ml_start_level": 1
	}, 
	"barrier values": {
		"upper": 1e+100, 
		"lower": 1e-10
	}, 
	"heston": {
		"vol_of_vol": 8.373502651090009, 
		"time_to_maturity": 1.0, 
		"correlation": 0.5780925495479792, 
		"feller-violation-factor": 32.52015316989082, 
		"spot_price": 1, 
		"reversion_rate": 2.5502912437903578, 
		"long_term_avg_vola": 0.4227094592248474, 
		"riskless_rate": 0.03838736380113969, 
		"vola_0": 0.4986102419944359, 
		"strike_price": 1.0
	}
}