{
	"simulation_eval": {
		"stop_level": 7, 
		"start_level": 4, 
		"ml_constant": 4, 
		"path_cnt": 5000000, 
		"ml_start_level": 1
	}, 
	"barrier values": {
		"upper": 1e+100, 
		"lower": 1e-10
	}, 
	"heston": {
		"vol_of_vol": 9.989754929304922, 
		"time_to_maturity": 1.0, 
		"correlation": -0.13285552180502713, 
		"feller-violation-factor": 68.76773022334214, 
		"spot_price": 1, 
		"reversion_rate": 0.21940745966429512, 
		"long_term_avg_vola": 3.307071567322782, 
		"riskless_rate": 0.03279204455058873, 
		"vola_0": 3.5334316590384076, 
		"strike_price": 1.0
	}
}