{
	"simulation_eval": {
		"stop_level": 7, 
		"start_level": 4, 
		"ml_constant": 4, 
		"path_cnt": 5000000, 
		"ml_start_level": 1
	}, 
	"barrier values": {
		"upper": 1e+100, 
		"lower": 1e-10
	}, 
	"heston": {
		"vol_of_vol": 8.805736752955605, 
		"time_to_maturity": 1.0, 
		"correlation": -0.7152060762935564, 
		"feller-violation-factor": 17.69833489547275, 
		"spot_price": 1, 
		"reversion_rate": 1.3187156228765413, 
		"long_term_avg_vola": 1.6611843863481277, 
		"riskless_rate": 0.040958274737015216, 
		"vola_0": 5.655677443775604, 
		"strike_price": 1.0
	}
}