{
	"heston": {
		"long_term_avg_vola": 4.216204580950609, 
		"reversion_rate": 9.044608735465497, 
		"riskless_rate": 0.010945588410772767, 
		"correlation": 0.6283487467245785, 
		"time_to_maturity": 1.0, 
		"feller-violation-factor": 0.4183730716073953, 
		"strike_price": 1.0, 
		"vol_of_vol": 5.648753060733653, 
		"vola_0": 4.247902800389115, 
		"spot_price": 1
	}, 
	"barrier values": {
		"lower": 1e-10, 
		"upper": 1e+100
	}, 
	"simulation_eval": {
		"ml_start_level": 1, 
		"start_level": 4, 
		"ml_constant": 4, 
		"stop_level": 7, 
		"path_cnt": 52133432
	}
}