{
	"simulation_eval": {
		"stop_level": 7, 
		"start_level": 4, 
		"ml_constant": 4, 
		"path_cnt": 5000000, 
		"ml_start_level": 1
	}, 
	"barrier values": {
		"upper": 1e+100, 
		"lower": 1e-10
	}, 
	"heston": {
		"vol_of_vol": 1.8366986980993631, 
		"time_to_maturity": 1.0, 
		"correlation": -0.04608506109974875, 
		"feller-violation-factor": 0.7688236718399392, 
		"spot_price": 1, 
		"reversion_rate": 0.5172860161001804, 
		"long_term_avg_vola": 4.241196123554544, 
		"riskless_rate": 0.021303859228230016, 
		"vola_0": 5.076437197915637, 
		"strike_price": 1.0
	}
}