{
	"heston": {
		"long_term_avg_vola": 0.126999395227782, 
		"reversion_rate": 5.602832791235454, 
		"riskless_rate": 0.030073153754887505, 
		"correlation": -0.9564586291152453, 
		"time_to_maturity": 1.0, 
		"feller-violation-factor": 21.340792337036056, 
		"strike_price": 1.0, 
		"vol_of_vol": 5.510930385581331, 
		"vola_0": 0.7675484317952933, 
		"spot_price": 1
	}, 
	"barrier values": {
		"lower": 1e-10, 
		"upper": 1e+100
	}, 
	"simulation_eval": {
		"ml_start_level": 1, 
		"start_level": 4, 
		"ml_constant": 4, 
		"stop_level": 7, 
		"path_cnt": 9478806
	}
}