{
	"simulation_eval": {
		"stop_level": 7, 
		"start_level": 4, 
		"ml_constant": 4, 
		"path_cnt": 5000000, 
		"ml_start_level": 1
	}, 
	"barrier values": {
		"upper": 1e+100, 
		"lower": 1e-10
	}, 
	"heston": {
		"vol_of_vol": 8.463101909928598, 
		"time_to_maturity": 1.0, 
		"correlation": 0.052002544250698834, 
		"feller-violation-factor": 31.039126096642303, 
		"spot_price": 1, 
		"reversion_rate": 0.46405173700116076, 
		"long_term_avg_vola": 2.4862984403908994, 
		"riskless_rate": 0.025590552901290555, 
		"vola_0": 7.996071749807283, 
		"strike_price": 1.0
	}
}