{
	"simulation_eval": {
		"stop_level": 7, 
		"start_level": 4, 
		"ml_constant": 4, 
		"path_cnt": 5000000, 
		"ml_start_level": 1
	}, 
	"barrier values": {
		"upper": 1e+100, 
		"lower": 1e-10
	}, 
	"heston": {
		"vol_of_vol": 9.501616582582468, 
		"time_to_maturity": 1.0, 
		"correlation": 0.9394334587769342, 
		"feller-violation-factor": 19.434558516109973, 
		"spot_price": 1, 
		"reversion_rate": 1.380594563055861, 
		"long_term_avg_vola": 1.6823802792995364, 
		"riskless_rate": 0.03575524669755788, 
		"vola_0": 4.10498869778693, 
		"strike_price": 1.0
	}
}