{
	"simulation_eval": {
		"stop_level": 7, 
		"start_level": 4, 
		"ml_constant": 4, 
		"path_cnt": 5000000, 
		"ml_start_level": 1
	}, 
	"barrier values": {
		"upper": 1e+100, 
		"lower": 1e-10
	}, 
	"heston": {
		"vol_of_vol": 9.612155087558467, 
		"time_to_maturity": 1.0, 
		"correlation": 0.47279222068096605, 
		"feller-violation-factor": 51.93663594913371, 
		"spot_price": 1, 
		"reversion_rate": 1.1337872771055515, 
		"long_term_avg_vola": 0.7845238443039929, 
		"riskless_rate": 0.04527187997424284, 
		"vola_0": 1.045210480356874, 
		"strike_price": 1.0
	}
}