{
	"heston": {
		"long_term_avg_vola": 3.7943780744190923, 
		"reversion_rate": 7.495651810279503, 
		"riskless_rate": 0.02805587948841208, 
		"correlation": 0.6061785460085465, 
		"time_to_maturity": 1.0, 
		"feller-violation-factor": 0.43843922898981175, 
		"strike_price": 1.0, 
		"vol_of_vol": 4.99395590972945, 
		"vola_0": 3.6027205890558682, 
		"spot_price": 1
	}, 
	"barrier values": {
		"lower": 1e-10, 
		"upper": 1e+100
	}, 
	"simulation_eval": {
		"ml_start_level": 1, 
		"start_level": 4, 
		"ml_constant": 4, 
		"stop_level": 7, 
		"path_cnt": 18957612
	}
}