{
	"simulation_eval": {
		"stop_level": 7, 
		"start_level": 4, 
		"ml_constant": 4, 
		"path_cnt": 5000000, 
		"ml_start_level": 1
	}, 
	"barrier values": {
		"upper": 1e+100, 
		"lower": 1e-10
	}, 
	"heston": {
		"vol_of_vol": 3.207809121949463, 
		"time_to_maturity": 1.0, 
		"correlation": -0.8833067577502538, 
		"feller-violation-factor": 7.271284607265181, 
		"spot_price": 1, 
		"reversion_rate": 0.23265713286389386, 
		"long_term_avg_vola": 3.0413018409020345, 
		"riskless_rate": 0.037702836831135234, 
		"vola_0": 5.0964246542841805, 
		"strike_price": 1.0
	}
}