{
	"simulation_eval": {
		"stop_level": 7, 
		"start_level": 4, 
		"ml_constant": 4, 
		"path_cnt": 5000000, 
		"ml_start_level": 1
	}, 
	"barrier values": {
		"upper": 1e+100, 
		"lower": 1e-10
	}, 
	"heston": {
		"vol_of_vol": 7.230841590298756, 
		"time_to_maturity": 1.0, 
		"correlation": -0.36156896869937305, 
		"feller-violation-factor": 2.364458448807112, 
		"spot_price": 1, 
		"reversion_rate": 4.929782387064669, 
		"long_term_avg_vola": 2.2427882062323317, 
		"riskless_rate": 0.01342759354173468, 
		"vola_0": 1.2925608753898652, 
		"strike_price": 1.0
	}
}