{
	"heston": {
		"long_term_avg_vola": 1.9319014046605403, 
		"reversion_rate": 9.680500142961682, 
		"riskless_rate": 0.04468822266839489, 
		"correlation": 0.3386797148487295, 
		"time_to_maturity": 1.0, 
		"feller-violation-factor": 1.4128712118568758, 
		"strike_price": 1.0, 
		"vol_of_vol": 7.269552258681635, 
		"vola_0": 1.6148629224449722, 
		"spot_price": 1
	}, 
	"barrier values": {
		"lower": 1e-10, 
		"upper": 1e+100
	}, 
	"simulation_eval": {
		"ml_start_level": 1, 
		"start_level": 4, 
		"ml_constant": 4, 
		"stop_level": 7, 
		"path_cnt": 18957612
	}
}