{
	"simulation_eval": {
		"stop_level": 7, 
		"start_level": 4, 
		"ml_constant": 4, 
		"path_cnt": 5000000, 
		"ml_start_level": 1
	}, 
	"barrier values": {
		"upper": 1e+100, 
		"lower": 1e-10
	}, 
	"heston": {
		"vol_of_vol": 4.889308512464565, 
		"time_to_maturity": 1.0, 
		"correlation": -0.6827164756398478, 
		"feller-violation-factor": 1.0181545258963587, 
		"spot_price": 1, 
		"reversion_rate": 3.56335265090872, 
		"long_term_avg_vola": 3.294521810558927, 
		"riskless_rate": 0.0344905323163372, 
		"vola_0": 6.1046000919137064, 
		"strike_price": 1.0
	}
}