{
	"simulation_eval": {
		"stop_level": 7, 
		"start_level": 4, 
		"ml_constant": 4, 
		"path_cnt": 5000000, 
		"ml_start_level": 1
	}, 
	"barrier values": {
		"upper": 1e+100, 
		"lower": 1e-10
	}, 
	"heston": {
		"vol_of_vol": 6.70257378336248, 
		"time_to_maturity": 1.0, 
		"correlation": 0.4954632548968745, 
		"feller-violation-factor": 8.367969025671641, 
		"spot_price": 1, 
		"reversion_rate": 1.166408174215413, 
		"long_term_avg_vola": 2.3013495739377516, 
		"riskless_rate": 0.04758572717535703, 
		"vola_0": 9.873449902974244, 
		"strike_price": 1.0
	}
}