{
	"simulation_eval": {
		"stop_level": 7, 
		"start_level": 4, 
		"ml_constant": 4, 
		"path_cnt": 5000000, 
		"ml_start_level": 1
	}, 
	"barrier values": {
		"upper": 1e+100, 
		"lower": 1e-10
	}, 
	"heston": {
		"vol_of_vol": 4.726193945063103, 
		"time_to_maturity": 1.0, 
		"correlation": 0.2986082003658168, 
		"feller-violation-factor": 0.5287553286446199, 
		"spot_price": 1, 
		"reversion_rate": 4.458383115769319, 
		"long_term_avg_vola": 4.737627825665451, 
		"riskless_rate": 0.011612905590044043, 
		"vola_0": 8.872137707428692, 
		"strike_price": 1.0
	}
}