{
	"simulation_eval": {
		"stop_level": 7, 
		"start_level": 4, 
		"ml_constant": 4, 
		"path_cnt": 5000000, 
		"ml_start_level": 1
	}, 
	"barrier values": {
		"upper": 1e+100, 
		"lower": 1e-10
	}, 
	"heston": {
		"vol_of_vol": 5.851014503502624, 
		"time_to_maturity": 1.0, 
		"correlation": 0.7571092172842337, 
		"feller-violation-factor": 65.67051926977564, 
		"spot_price": 1, 
		"reversion_rate": 2.2615020310841873, 
		"long_term_avg_vola": 0.1152563656967089, 
		"riskless_rate": 0.036001994144862846, 
		"vola_0": 9.447141503729796, 
		"strike_price": 1.0
	}
}