{
	"simulation_eval": {
		"stop_level": 7, 
		"start_level": 4, 
		"ml_constant": 4, 
		"path_cnt": 5000000, 
		"ml_start_level": 1
	}, 
	"barrier values": {
		"upper": 1e+100, 
		"lower": 1e-10
	}, 
	"heston": {
		"vol_of_vol": 9.926118576354183, 
		"time_to_maturity": 1.0, 
		"correlation": 0.32359374101089977, 
		"feller-violation-factor": 3.9566580769520283, 
		"spot_price": 1, 
		"reversion_rate": 4.660879238905743, 
		"long_term_avg_vola": 2.6713608079601143, 
		"riskless_rate": 0.003701293151523616, 
		"vola_0": 8.454035177553774, 
		"strike_price": 1.0
	}
}