{
	"heston": {
		"long_term_avg_vola": 3.2398221517719823, 
		"reversion_rate": 7.91751109608716, 
		"riskless_rate": 0.03512555829738071, 
		"correlation": 0.9678479508536502, 
		"time_to_maturity": 1.0, 
		"feller-violation-factor": 0.7001186431595839, 
		"strike_price": 1.0, 
		"vol_of_vol": 5.99315823915647, 
		"vola_0": 4.588720200986874, 
		"spot_price": 1
	}, 
	"barrier values": {
		"lower": 1e-10, 
		"upper": 1e+100
	}, 
	"simulation_eval": {
		"ml_start_level": 1, 
		"start_level": 4, 
		"ml_constant": 4, 
		"stop_level": 7, 
		"path_cnt": 33175820
	}
}