{
	"simulation_eval": {
		"stop_level": 7, 
		"start_level": 4, 
		"ml_constant": 4, 
		"path_cnt": 5000000, 
		"ml_start_level": 1
	}, 
	"barrier values": {
		"upper": 1e+100, 
		"lower": 1e-10
	}, 
	"heston": {
		"vol_of_vol": 7.415964074855672, 
		"time_to_maturity": 1.0, 
		"correlation": -0.7541874023996811, 
		"feller-violation-factor": 1.1180598049258057, 
		"spot_price": 1, 
		"reversion_rate": 7.147129045455347, 
		"long_term_avg_vola": 3.4411894340938, 
		"riskless_rate": 0.029602508463673738, 
		"vola_0": 1.696309600168174, 
		"strike_price": 1.0
	}
}