{
	"simulation_eval": {
		"stop_level": 7, 
		"start_level": 4, 
		"ml_constant": 4, 
		"path_cnt": 5000000, 
		"ml_start_level": 1
	}, 
	"barrier values": {
		"upper": 1e+100, 
		"lower": 1e-10
	}, 
	"heston": {
		"vol_of_vol": 9.070681128989476, 
		"time_to_maturity": 1.0, 
		"correlation": -0.4575955698463394, 
		"feller-violation-factor": 2.256294325067566, 
		"spot_price": 1, 
		"reversion_rate": 5.263885464808401, 
		"long_term_avg_vola": 3.463758641155035, 
		"riskless_rate": 0.03812030607427144, 
		"vola_0": 9.65050139966382, 
		"strike_price": 1.0
	}
}