{
	"simulation_eval": {
		"stop_level": 7, 
		"start_level": 4, 
		"ml_constant": 4, 
		"path_cnt": 5000000, 
		"ml_start_level": 1
	}, 
	"barrier values": {
		"upper": 1e+100, 
		"lower": 1e-10
	}, 
	"heston": {
		"vol_of_vol": 9.439988495248851, 
		"time_to_maturity": 1.0, 
		"correlation": 0.6340518861470101, 
		"feller-violation-factor": 26.979049733316693, 
		"spot_price": 1, 
		"reversion_rate": 0.39497241098927105, 
		"long_term_avg_vola": 4.181378912105561, 
		"riskless_rate": 0.015858421493303566, 
		"vola_0": 4.881676545040097, 
		"strike_price": 1.0
	}
}