{
	"barrier values": {
		"lower": 1e-10, 
		"upper": 1e+100
	}, 
	"heston": {
		"vola_0": 4.6334252804099485, 
		"feller-violation-factor": 8.768724544412132, 
		"strike_price": 1.0, 
		"long_term_avg_vola": 1.4186829507866687, 
		"vol_of_vol": 5.859632025204137, 
		"riskless_rate": 0.04912993046096063, 
		"reversion_rate": 1.3800312313948935, 
		"time_to_maturity": 1.0, 
		"correlation": -0.7267636093719612, 
		"spot_price": 1
	}, 
	"simulation_eval": {
		"ml_start_level": 1, 
		"stop_level": 7, 
		"ml_constant": 4, 
		"start_level": 4, 
		"path_cnt": 25013515
	}
}