{
	"heston": {
		"feller-violation-factor": 0.3810317391914533, 
		"reversion_rate": 9.167576848106364, 
		"vol_of_vol": 5.140231872634774, 
		"spot_price": 1, 
		"long_term_avg_vola": 3.7819842203291527, 
		"strike_price": 1.0, 
		"time_to_maturity": 1.0, 
		"vola_0": 4.3168173024332885, 
		"correlation": -0.2459851346782047, 
		"riskless_rate": 0.00783692781881541
	}, 
	"barrier values": {
		"lower": 1e-10, 
		"upper": 1e+100
	}, 
	"simulation_eval": {
		"stop_level": 7, 
		"path_cnt": 25013515, 
		"ml_start_level": 1, 
		"ml_constant": 4, 
		"start_level": 4
	}
}