{
	"heston": {
		"feller-violation-factor": 0.9271392700976898, 
		"reversion_rate": 5.629180814830167, 
		"vol_of_vol": 6.691438210451392, 
		"spot_price": 1, 
		"long_term_avg_vola": 4.289619520217278, 
		"strike_price": 1.0, 
		"time_to_maturity": 1.0, 
		"vola_0": 1.2462869174991038, 
		"correlation": -0.161279683371774, 
		"riskless_rate": 0.019387383900904394
	}, 
	"barrier values": {
		"lower": 1e-10, 
		"upper": 1e+100
	}, 
	"simulation_eval": {
		"stop_level": 7, 
		"path_cnt": 55029733, 
		"ml_start_level": 1, 
		"ml_constant": 4, 
		"start_level": 4
	}
}