{
	"simulation_eval": {
		"stop_level": 7, 
		"start_level": 4, 
		"ml_constant": 4, 
		"path_cnt": 5000000, 
		"ml_start_level": 1
	}, 
	"barrier values": {
		"upper": 1e+100, 
		"lower": 1e-10
	}, 
	"heston": {
		"vol_of_vol": 8.299110655169166, 
		"time_to_maturity": 1.0, 
		"correlation": 0.5357125132989489, 
		"feller-violation-factor": 49.64051490829831, 
		"spot_price": 1, 
		"reversion_rate": 0.3554710989202009, 
		"long_term_avg_vola": 1.9516077782042451, 
		"riskless_rate": 0.015257508849371881, 
		"vola_0": 6.031864791153661, 
		"strike_price": 1.0
	}
}