{
	"simulation_eval": {
		"stop_level": 7, 
		"start_level": 4, 
		"ml_constant": 4, 
		"path_cnt": 5000000, 
		"ml_start_level": 1
	}, 
	"barrier values": {
		"upper": 1e+100, 
		"lower": 1e-10
	}, 
	"heston": {
		"vol_of_vol": 7.550731198064805, 
		"time_to_maturity": 1.0, 
		"correlation": -0.7110669762897102, 
		"feller-violation-factor": 11.082111611784585, 
		"spot_price": 1, 
		"reversion_rate": 0.5545504385797173, 
		"long_term_avg_vola": 4.638573592881785, 
		"riskless_rate": 0.007540588086151995, 
		"vola_0": 5.140961315618408, 
		"strike_price": 1.0
	}
}