{
	"heston": {
		"feller-violation-factor": 5.754105128899693, 
		"reversion_rate": 2.0731403953990384, 
		"vol_of_vol": 8.147155408018126, 
		"spot_price": 1, 
		"long_term_avg_vola": 2.78211770001123, 
		"strike_price": 1.0, 
		"time_to_maturity": 1.0, 
		"vola_0": 6.1095981680123765, 
		"correlation": 0.0737134018289527, 
		"riskless_rate": 0.009147451807043017
	}, 
	"barrier values": {
		"lower": 1e-10, 
		"upper": 1e+100
	}, 
	"simulation_eval": {
		"stop_level": 7, 
		"path_cnt": 125067575, 
		"ml_start_level": 1, 
		"ml_constant": 4, 
		"start_level": 4
	}
}