{
	"simulation_eval": {
		"stop_level": 7, 
		"start_level": 4, 
		"ml_constant": 4, 
		"path_cnt": 5000000, 
		"ml_start_level": 1
	}, 
	"barrier values": {
		"upper": 1e+100, 
		"lower": 1e-10
	}, 
	"heston": {
		"vol_of_vol": 4.009370309756743, 
		"time_to_maturity": 1.0, 
		"correlation": -0.8037073540195354, 
		"feller-violation-factor": 5.000007676624999, 
		"spot_price": 1, 
		"reversion_rate": 4.734500026638938, 
		"long_term_avg_vola": 0.33952952814284804, 
		"riskless_rate": 0.04629960215773048, 
		"vola_0": 2.380325942718364, 
		"strike_price": 1.0
	}
}