{
	"simulation_eval": {
		"stop_level": 7, 
		"start_level": 4, 
		"ml_constant": 4, 
		"path_cnt": 5000000, 
		"ml_start_level": 1
	}, 
	"barrier values": {
		"upper": 1e+100, 
		"lower": 1e-10
	}, 
	"heston": {
		"vol_of_vol": 0.5302435551199254, 
		"time_to_maturity": 1.0, 
		"correlation": 0.8227498245890574, 
		"feller-violation-factor": 0.33109016438880606, 
		"spot_price": 1, 
		"reversion_rate": 0.22055903800646842, 
		"long_term_avg_vola": 1.9250839053538509, 
		"riskless_rate": 0.039596258647424595, 
		"vola_0": 0.6752160144071171, 
		"strike_price": 1.0
	}
}