{
	"simulation_eval": {
		"stop_level": 7, 
		"start_level": 4, 
		"ml_constant": 4, 
		"path_cnt": 5000000, 
		"ml_start_level": 1
	}, 
	"barrier values": {
		"upper": 1e+100, 
		"lower": 1e-10
	}, 
	"heston": {
		"vol_of_vol": 1.1350216643723134, 
		"time_to_maturity": 1.0, 
		"correlation": 0.7161183980321919, 
		"feller-violation-factor": 0.8442778632002074, 
		"spot_price": 1, 
		"reversion_rate": 4.068176636137406, 
		"long_term_avg_vola": 0.18753965074121662, 
		"riskless_rate": 0.0037090820170049333, 
		"vola_0": 0.5565252785842137, 
		"strike_price": 1.0
	}
}