{
	"heston": {
		"feller-violation-factor": 15.378856425357167, 
		"reversion_rate": 6.434723661061786, 
		"vol_of_vol": 6.9374756382054565, 
		"spot_price": 1, 
		"long_term_avg_vola": 0.24317504399339518, 
		"strike_price": 1.0, 
		"time_to_maturity": 1.0, 
		"vola_0": 3.9412549014078517, 
		"correlation": -0.6107289360906083, 
		"riskless_rate": 0.026270116135054873
	}, 
	"barrier values": {
		"lower": 1e-10, 
		"upper": 1e+100
	}, 
	"simulation_eval": {
		"stop_level": 7, 
		"path_cnt": 25013515, 
		"ml_start_level": 1, 
		"ml_constant": 4, 
		"start_level": 4
	}
}