{
	"simulation_eval": {
		"stop_level": 7, 
		"start_level": 4, 
		"ml_constant": 4, 
		"path_cnt": 5000000, 
		"ml_start_level": 1
	}, 
	"barrier values": {
		"upper": 1e+100, 
		"lower": 1e-10
	}, 
	"heston": {
		"vol_of_vol": 6.6607653349756015, 
		"time_to_maturity": 1.0, 
		"correlation": -0.2084804743014972, 
		"feller-violation-factor": 2.4778286607581483, 
		"spot_price": 1, 
		"reversion_rate": 2.46040177432737, 
		"long_term_avg_vola": 3.6386557336845446, 
		"riskless_rate": 0.0053635116700516405, 
		"vola_0": 6.313426064379064, 
		"strike_price": 1.0
	}
}