{
	"simulation_eval": {
		"stop_level": 7, 
		"start_level": 4, 
		"ml_constant": 4, 
		"path_cnt": 5000000, 
		"ml_start_level": 1
	}, 
	"barrier values": {
		"upper": 1e+100, 
		"lower": 1e-10
	}, 
	"heston": {
		"vol_of_vol": 8.484385903766608, 
		"time_to_maturity": 1.0, 
		"correlation": 0.974365422915441, 
		"feller-violation-factor": 2.0546064036087492, 
		"spot_price": 1, 
		"reversion_rate": 6.3713341758617155, 
		"long_term_avg_vola": 2.7494878830126512, 
		"riskless_rate": 0.006312988046043161, 
		"vola_0": 9.379792370158496, 
		"strike_price": 1.0
	}
}