{
	"simulation_eval": {
		"stop_level": 7, 
		"start_level": 4, 
		"ml_constant": 4, 
		"path_cnt": 5000000, 
		"ml_start_level": 1
	}, 
	"barrier values": {
		"upper": 1e+100, 
		"lower": 1e-10
	}, 
	"heston": {
		"vol_of_vol": 9.1952364144557, 
		"time_to_maturity": 1.0, 
		"correlation": 0.7525176329842667, 
		"feller-violation-factor": 24.564326933142596, 
		"spot_price": 1, 
		"reversion_rate": 0.5856634994580295, 
		"long_term_avg_vola": 2.9386155785929873, 
		"riskless_rate": 0.04484182362626295, 
		"vola_0": 8.190770318603539, 
		"strike_price": 1.0
	}
}