{
	"barrier values": {
		"lower": 1e-10, 
		"upper": 1e+100
	}, 
	"heston": {
		"vola_0": 5.012999986259057, 
		"feller-violation-factor": 1.7855129453479577, 
		"strike_price": 1.0, 
		"long_term_avg_vola": 1.5336037627597319, 
		"vol_of_vol": 4.230706736866678, 
		"riskless_rate": 0.0013875894561194537, 
		"reversion_rate": 3.26828318646102, 
		"time_to_maturity": 1.0, 
		"correlation": 0.7660248600669193, 
		"spot_price": 1
	}, 
	"simulation_eval": {
		"ml_start_level": 1, 
		"stop_level": 7, 
		"ml_constant": 4, 
		"start_level": 4, 
		"path_cnt": 60032436
	}
}