{
	"simulation_eval": {
		"stop_level": 7, 
		"start_level": 4, 
		"ml_constant": 4, 
		"path_cnt": 5000000, 
		"ml_start_level": 1
	}, 
	"barrier values": {
		"upper": 1e+100, 
		"lower": 1e-10
	}, 
	"heston": {
		"vol_of_vol": 9.468179168654869, 
		"time_to_maturity": 1.0, 
		"correlation": -0.12022793392624909, 
		"feller-violation-factor": 91.09469493545744, 
		"spot_price": 1, 
		"reversion_rate": 0.17321341272867435, 
		"long_term_avg_vola": 2.840719387608111, 
		"riskless_rate": 0.02345065799544397, 
		"vola_0": 3.279481976699164, 
		"strike_price": 1.0
	}
}