{
	"simulation_eval": {
		"stop_level": 7, 
		"start_level": 4, 
		"ml_constant": 4, 
		"path_cnt": 5000000, 
		"ml_start_level": 1
	}, 
	"barrier values": {
		"upper": 1e+100, 
		"lower": 1e-10
	}, 
	"heston": {
		"vol_of_vol": 1.9606104087241925, 
		"time_to_maturity": 1.0, 
		"correlation": 0.2088107215430517, 
		"feller-violation-factor": 54.42266788328157, 
		"spot_price": 1, 
		"reversion_rate": 0.34244344433289525, 
		"long_term_avg_vola": 0.10312974119576779, 
		"riskless_rate": 0.023092237186714683, 
		"vola_0": 7.238714612164191, 
		"strike_price": 1.0
	}
}