{
	"heston": {
		"long_term_avg_vola": 0.48543623780076317, 
		"reversion_rate": 0.4585493531393776, 
		"riskless_rate": 0.045024897406831715, 
		"correlation": -0.38846991819802246, 
		"time_to_maturity": 1.0, 
		"feller-violation-factor": 20.365046880864337, 
		"strike_price": 1.0, 
		"vol_of_vol": 3.0110422131808443, 
		"vola_0": 1.7206938254052697, 
		"spot_price": 1
	}, 
	"barrier values": {
		"lower": 1e-10, 
		"upper": 1e+100
	}, 
	"simulation_eval": {
		"ml_start_level": 1, 
		"start_level": 4, 
		"ml_constant": 4, 
		"stop_level": 7, 
		"path_cnt": 18957612
	}
}