{
	"heston": {
		"long_term_avg_vola": 1.1316589972590712, 
		"reversion_rate": 2.185405721525178, 
		"riskless_rate": 0.027950442014747973, 
		"correlation": 0.5603416199490812, 
		"time_to_maturity": 1.0, 
		"feller-violation-factor": 4.345032781294208, 
		"strike_price": 1.0, 
		"vol_of_vol": 4.635913827628437, 
		"vola_0": 3.110272330265205, 
		"spot_price": 1
	}, 
	"barrier values": {
		"lower": 1e-10, 
		"upper": 1e+100
	}, 
	"simulation_eval": {
		"ml_start_level": 1, 
		"start_level": 4, 
		"ml_constant": 4, 
		"stop_level": 7, 
		"path_cnt": 66351640
	}
}