{
	"simulation_eval": {
		"stop_level": 7, 
		"start_level": 4, 
		"ml_constant": 4, 
		"path_cnt": 5000000, 
		"ml_start_level": 1
	}, 
	"barrier values": {
		"upper": 1e+100, 
		"lower": 1e-10
	}, 
	"heston": {
		"vol_of_vol": 9.090501027646813, 
		"time_to_maturity": 1.0, 
		"correlation": 0.46633385771610003, 
		"feller-violation-factor": 18.546272432776735, 
		"spot_price": 1, 
		"reversion_rate": 1.21432042457953, 
		"long_term_avg_vola": 1.8346604968818916, 
		"riskless_rate": 0.003115118432342279, 
		"vola_0": 7.299463411957747, 
		"strike_price": 1.0
	}
}