{
	"simulation_eval": {
		"stop_level": 7, 
		"start_level": 4, 
		"ml_constant": 4, 
		"path_cnt": 5000000, 
		"ml_start_level": 1
	}, 
	"barrier values": {
		"upper": 1e+100, 
		"lower": 1e-10
	}, 
	"heston": {
		"vol_of_vol": 5.1767151272962, 
		"time_to_maturity": 1.0, 
		"correlation": -0.07743653262908223, 
		"feller-violation-factor": 86.9686689218752, 
		"spot_price": 1, 
		"reversion_rate": 1.1270803630105117, 
		"long_term_avg_vola": 0.13669758156772308, 
		"riskless_rate": 0.025258940340867397, 
		"vola_0": 2.625341092467627, 
		"strike_price": 1.0
	}
}