{
	"heston": {
		"long_term_avg_vola": 4.360495549972652, 
		"reversion_rate": 5.544377851540436, 
		"riskless_rate": 0.017672483454238747, 
		"correlation": 0.3029011229694685, 
		"time_to_maturity": 1.0, 
		"feller-violation-factor": 0.3636041004961713, 
		"strike_price": 1.0, 
		"vol_of_vol": 4.192988948713917, 
		"vola_0": 7.391658545855376, 
		"spot_price": 1
	}, 
	"barrier values": {
		"lower": 1e-10, 
		"upper": 1e+100
	}, 
	"simulation_eval": {
		"ml_start_level": 1, 
		"start_level": 4, 
		"ml_constant": 4, 
		"stop_level": 7, 
		"path_cnt": 109006266
	}
}