{
	"barrier values": {
		"lower": 1e-10, 
		"upper": 1e+100
	}, 
	"heston": {
		"vola_0": 3.5339382692249806, 
		"feller-violation-factor": 3.438372876938167, 
		"strike_price": 1.0, 
		"long_term_avg_vola": 1.9488851943391199, 
		"vol_of_vol": 6.340989181462097, 
		"riskless_rate": 0.03750218126364626, 
		"reversion_rate": 3.0001626508343247, 
		"time_to_maturity": 1.0, 
		"correlation": -0.7778405643264437, 
		"spot_price": 1
	}, 
	"simulation_eval": {
		"ml_start_level": 1, 
		"stop_level": 7, 
		"ml_constant": 4, 
		"start_level": 4, 
		"path_cnt": 125067575
	}
}