{
	"simulation_eval": {
		"stop_level": 7, 
		"start_level": 4, 
		"ml_constant": 4, 
		"path_cnt": 5000000, 
		"ml_start_level": 1
	}, 
	"barrier values": {
		"upper": 1e+100, 
		"lower": 1e-10
	}, 
	"heston": {
		"vol_of_vol": 4.185997782901554, 
		"time_to_maturity": 1.0, 
		"correlation": 0.05013687659108523, 
		"feller-violation-factor": 0.8057428145544168, 
		"spot_price": 1, 
		"reversion_rate": 2.3370243263687605, 
		"long_term_avg_vola": 4.652735003553966, 
		"riskless_rate": 0.01991083315544607, 
		"vola_0": 3.952878648305082, 
		"strike_price": 1.0
	}
}