{
	"barrier values": {
		"lower": 1e-10, 
		"upper": 1e+100
	}, 
	"heston": {
		"vola_0": 0.8563079397757793, 
		"feller-violation-factor": 6.029985180727291, 
		"strike_price": 1.0, 
		"long_term_avg_vola": 2.3832031658552264, 
		"vol_of_vol": 9.265126112901514, 
		"riskless_rate": 0.03374335705258536, 
		"reversion_rate": 2.98672586284437, 
		"time_to_maturity": 1.0, 
		"correlation": 0.7034802641816364, 
		"spot_price": 1
	}, 
	"simulation_eval": {
		"ml_start_level": 1, 
		"stop_level": 7, 
		"ml_constant": 4, 
		"start_level": 4, 
		"path_cnt": 110059466
	}
}