{
	"simulation_eval": {
		"stop_level": 7, 
		"start_level": 4, 
		"ml_constant": 4, 
		"path_cnt": 5000000, 
		"ml_start_level": 1
	}, 
	"barrier values": {
		"upper": 1e+100, 
		"lower": 1e-10
	}, 
	"heston": {
		"vol_of_vol": 8.518125346990567, 
		"time_to_maturity": 1.0, 
		"correlation": -0.9450504804280284, 
		"feller-violation-factor": 59.80141199869592, 
		"spot_price": 1, 
		"reversion_rate": 1.988940916781094, 
		"long_term_avg_vola": 0.30501748570751697, 
		"riskless_rate": 0.031048194701705736, 
		"vola_0": 7.0972401512898475, 
		"strike_price": 1.0
	}
}