{
	"simulation_eval": {
		"stop_level": 7, 
		"start_level": 4, 
		"ml_constant": 4, 
		"path_cnt": 5000000, 
		"ml_start_level": 1
	}, 
	"barrier values": {
		"upper": 1e+100, 
		"lower": 1e-10
	}, 
	"heston": {
		"vol_of_vol": 8.599828836737982, 
		"time_to_maturity": 1.0, 
		"correlation": 0.2800522811325188, 
		"feller-violation-factor": 47.301252042465485, 
		"spot_price": 1, 
		"reversion_rate": 0.3546053168711306, 
		"long_term_avg_vola": 2.2046098318193748, 
		"riskless_rate": 0.034473611712799467, 
		"vola_0": 6.939797386081479, 
		"strike_price": 1.0
	}
}