{
	"barrier values": {
		"lower": 1e-10, 
		"upper": 1e+100
	}, 
	"heston": {
		"vola_0": 8.170699442100595, 
		"feller-violation-factor": 1.5516036112460534, 
		"strike_price": 1.0, 
		"long_term_avg_vola": 4.614651466542223, 
		"vol_of_vol": 8.874202898213467, 
		"riskless_rate": 0.023991262638464253, 
		"reversion_rate": 5.499320429230868, 
		"time_to_maturity": 1.0, 
		"correlation": -0.7969307082935027, 
		"spot_price": 1
	}, 
	"simulation_eval": {
		"ml_start_level": 1, 
		"stop_level": 7, 
		"ml_constant": 4, 
		"start_level": 4, 
		"path_cnt": 60032436
	}
}