{
	"simulation_eval": {
		"stop_level": 7, 
		"start_level": 4, 
		"ml_constant": 4, 
		"path_cnt": 5000000, 
		"ml_start_level": 1
	}, 
	"barrier values": {
		"upper": 1e+100, 
		"lower": 1e-10
	}, 
	"heston": {
		"vol_of_vol": 9.053201152896525, 
		"time_to_maturity": 1.0, 
		"correlation": -0.3270703366220602, 
		"feller-violation-factor": 11.611645001764451, 
		"spot_price": 1, 
		"reversion_rate": 2.527233438021695, 
		"long_term_avg_vola": 1.3964816567883986, 
		"riskless_rate": 0.021692020216652563, 
		"vola_0": 2.285939203623019, 
		"strike_price": 1.0
	}
}