{
	"simulation_eval": {
		"stop_level": 7, 
		"start_level": 4, 
		"ml_constant": 4, 
		"path_cnt": 5000000, 
		"ml_start_level": 1
	}, 
	"barrier values": {
		"upper": 1e+100, 
		"lower": 1e-10
	}, 
	"heston": {
		"vol_of_vol": 7.549118718337539, 
		"time_to_maturity": 1.0, 
		"correlation": -0.5222699642978743, 
		"feller-violation-factor": 6.318519520960885, 
		"spot_price": 1, 
		"reversion_rate": 6.684842983641687, 
		"long_term_avg_vola": 0.6746149671612592, 
		"riskless_rate": 0.03653985962064748, 
		"vola_0": 6.213158409757645, 
		"strike_price": 1.0
	}
}