{
	"heston": {
		"long_term_avg_vola": 0.36881012620776144, 
		"reversion_rate": 3.629529303752717, 
		"riskless_rate": 0.019897028876746964, 
		"correlation": 0.5327100011352401, 
		"time_to_maturity": 1.0, 
		"feller-violation-factor": 16.12020641757521, 
		"strike_price": 1.0, 
		"vol_of_vol": 6.569417590743368, 
		"vola_0": 8.869111253490173, 
		"spot_price": 1
	}, 
	"barrier values": {
		"lower": 1e-10, 
		"upper": 1e+100
	}, 
	"simulation_eval": {
		"ml_start_level": 1, 
		"start_level": 4, 
		"ml_constant": 4, 
		"stop_level": 7, 
		"path_cnt": 71091043
	}
}