{
	"simulation_eval": {
		"stop_level": 7, 
		"start_level": 4, 
		"ml_constant": 4, 
		"path_cnt": 5000000, 
		"ml_start_level": 1
	}, 
	"barrier values": {
		"upper": 1e+100, 
		"lower": 1e-10
	}, 
	"heston": {
		"vol_of_vol": 9.728508206459688, 
		"time_to_maturity": 1.0, 
		"correlation": 0.14565972524760373, 
		"feller-violation-factor": 35.71930733137617, 
		"spot_price": 1, 
		"reversion_rate": 3.609841977177812, 
		"long_term_avg_vola": 0.3670044111348946, 
		"riskless_rate": 0.035131288967242595, 
		"vola_0": 4.564754202920685, 
		"strike_price": 1.0
	}
}