{
	"simulation_eval": {
		"stop_level": 7, 
		"start_level": 4, 
		"ml_constant": 4, 
		"path_cnt": 5000000, 
		"ml_start_level": 1
	}, 
	"barrier values": {
		"upper": 1e+100, 
		"lower": 1e-10
	}, 
	"heston": {
		"vol_of_vol": 8.536431124772715, 
		"time_to_maturity": 1.0, 
		"correlation": 0.7027945692298756, 
		"feller-violation-factor": 2.5965943803964167, 
		"spot_price": 1, 
		"reversion_rate": 5.826565324255187, 
		"long_term_avg_vola": 2.408274309632247, 
		"riskless_rate": 0.04222090598054165, 
		"vola_0": 6.0990695330135525, 
		"strike_price": 1.0
	}
}